"commit_id","equipo","modulo","prioridad","lead_time_horas","lineas_cambiadas","num_bugs","deploy_status"
"PR-10001","Beta","Billing","Media",2.47,10,0,"success"
"PR-10002","Gamma","Auth-Service","Media",5,10,0,"failed"
"PR-10003","Beta","Auth-Service","Alta",50,561,5,"success"
"PR-10004","Alpha","Auth-Service","Media",53.93,891,9,"failed"
"PR-10005","Beta","Billing","Media",287.61,3363,14,"success"
"PR-10006","Gamma","Auth-Service","Baja",2.41,138,1,"success"
"PR-10007","Gamma","Core-API","Baja",6,352,1,"failed"
"PR-10008","Delta","Billing","Media",36,198,0,"success"
"PR-10009","Gamma","Billing","Crítica",10,186,1,"success"
"PR-10010","Beta","Database","Media",1.02,97,1,"success"
"PR-10011","Alpha","Billing","Media",84.32,1144,5,"success"
"PR-10012","Beta","Billing","Media",2.99,125,0,"success"
"PR-10013","Gamma","Auth-Service","Media",2.7,10,0,"success"
"PR-10014","Beta","Core-API","Media",25,345,1,"failed"
"PR-10015","Beta","Frontend-UI","Alta",71.76,1072,1,"rolled_back"
"PR-10016","Beta","Core-API","Media",3,10,0,"success"
"PR-10017","Delta","Auth-Service","Media",58.03,788,1,"success"
"PR-10018","Beta","Core-API","Media",1,210,1,"success"
"PR-10019","Delta","Auth-Service","Media",5,351,1,"success"
"PR-10020","Gamma","Auth-Service","Baja",4.31,54,0,"success"
"PR-10021","Delta","Database","Media",3,25,0,"success"
"PR-10022","Gamma","Core-API","Baja",7.74,10,0,"success"
"PR-10023","Alpha","Core-API","Media",60.69,858,2,"success"
"PR-10024","Gamma","Database","Media",41,556,3,"success"
"PR-10025","Delta","Database","Media",208.27,2670,14,"failed"
"PR-10026","Alpha","Frontend-UI","Alta",5,264,1,"rolled_back"
"PR-10027","Gamma","Billing","Baja",53,305,3,"success"
"PR-10028","Gamma","Billing","Media",76,852,3,"failed"
"PR-10029","Beta","Auth-Service","Alta",27,338,0,"success"
"PR-10030","Beta","Auth-Service","Crítica",24,310,2,"success"
"PR-10031","Alpha","Frontend-UI","Media",1,10,0,"success"
"PR-10032","Beta","Auth-Service","Media",3.62,288,1,"success"
"PR-10033","Delta","Auth-Service","Media",60.88,736,1,"success"
"PR-10034","Beta","Core-API","Media",5.95,340,2,"success"
"PR-10035","Gamma","Database","Baja",0,261,1,"success"
"PR-10036","Alpha","Frontend-UI","Alta",57,657,0,"success"
"PR-10037","Delta","Database","Crítica",32.66,301,1,"success"
"PR-10038","Delta","Auth-Service","Crítica",4,161,2,"success"
"PR-10039","Beta","Database","Baja",64,794,5,"failed"
"PR-10040","Gamma","Frontend-UI","Baja",60,785,1,"failed"
"PR-10041","Gamma","Frontend-UI","Crítica",164,1908,7,"success"
"PR-10042","Alpha","Auth-Service","Media",6.57,216,1,"success"
"PR-10043","Gamma","Core-API","Media",6,272,0,"success"
"PR-10044","Alpha","Auth-Service","Media",3.77,324,1,"failed"
"PR-10045","Gamma","Core-API","Media",49,773,6,"failed"
"PR-10046","Delta","Database","Media",69,921,3,"success"
"PR-10047","Beta","Frontend-UI","Crítica",88,1162,4,"failed"
"PR-10048","Alpha","Billing","Alta",2,82,1,"success"
"PR-10049","Beta","Core-API","Media",3,161,1,"success"
"PR-10050","Beta","Billing","Media",53.11,588,1,"failed"
"PR-10051","Alpha","Frontend-UI","Baja",43,601,3,"success"
"PR-10052","Delta","Core-API","Alta",58,593,3,"success"
"PR-10053","Beta","Billing","Media",1.41,108,0,"success"
"PR-10054","Delta","Core-API","Alta",9,144,0,"success"
"PR-10055","Gamma","Auth-Service","Media",71.88,962,6,"success"
"PR-10056","Alpha","Database","Media",1.78,10,0,"success"
"PR-10057","Alpha","Auth-Service","Media",53.25,907,2,"failed"
"PR-10058","Gamma","Auth-Service","Alta",5,10,0,"success"
"PR-10059","Gamma","Billing","Baja",5,317,1,"success"
"PR-10060","Alpha","Auth-Service","Media",4.65,239,0,"success"
"PR-10061","Alpha","Auth-Service","Media",14.64,318,2,"success"
"PR-10062","Beta","Frontend-UI","Media",74,929,4,"rolled_back"
"PR-10063","Alpha","Database","Baja",4.09,89,0,"success"
"PR-10064","Gamma","Frontend-UI","Baja",2,61,1,"success"
"PR-10065","Alpha","Billing","Media",159,2032,7,"success"
"PR-10066","Beta","Frontend-UI","Crítica",37,609,3,"success"
"PR-10067","Delta","Frontend-UI","Alta",33.12,360,0,"success"
"PR-10068","Delta","Database","Crítica",23.15,481,1,"failed"
"PR-10069","Gamma","Frontend-UI","Baja",2.88,57,0,"failed"
"PR-10070","Gamma","Auth-Service","Media",2,205,0,"failed"
"PR-10071","Gamma","Database","Alta",4.48,30,1,"success"
"PR-10072","Gamma","Frontend-UI","Baja",4,10,0,"success"
"PR-10073","Delta","Auth-Service","Media",48,675,5,"failed"
"PR-10074","Beta","Auth-Service","Alta",171.78,1922,10,"failed"
"PR-10075","Gamma","Core-API","Media",3.46,159,0,"success"
"PR-10076","Delta","Database","Crítica",5,60,0,"success"
"PR-10077","Alpha","Frontend-UI","Crítica",0.87,39,0,"success"
"PR-10078","Gamma","Database","Media",1,10,0,"success"
"PR-10079","Beta","Frontend-UI","Media",7,84,0,"success"
"PR-10080","Alpha","Database","Media",53,706,1,"success"
"PR-10081","Delta","Frontend-UI","Media",3,133,0,"success"
"PR-10082","Delta","Core-API","Media",5,65,0,"success"
"PR-10083","Beta","Auth-Service","Baja",54.11,691,3,"success"
"PR-10084","Delta","Auth-Service","Media",4,95,1,"success"
"PR-10085","Gamma","Billing","Alta",0.37,19,0,"success"
"PR-10086","Beta","Billing","Media",5,100,1,"success"
"PR-10087","Delta","Auth-Service","Alta",9,351,3,"success"
"PR-10088","Gamma","Database","Media",5.65,239,2,"failed"
"PR-10089","Delta","Billing","Baja",8,205,2,"success"
"PR-10090","Alpha","Auth-Service","Media",3,10,0,"success"
"PR-10091","Gamma","Frontend-UI","Media",78,889,4,"success"
"PR-10092","Delta","Billing","Media",24,440,4,"success"
"PR-10093","Delta","Billing","Media",58,449,1,"failed"
"PR-10094","Beta","Frontend-UI","Media",24,156,0,"rolled_back"
"PR-10095","Gamma","Frontend-UI","Alta",29.44,599,0,"success"
"PR-10096","Alpha","Database","Alta",0.65,92,0,"success"
"PR-10097","Beta","Core-API","Media",7,132,1,"success"
"PR-10098","Gamma","Database","Baja",3.12,61,0,"success"
"PR-10099","Beta","Auth-Service","Crítica",1,193,1,"success"
"PR-10100","Beta","Auth-Service","Alta",4.46,168,0,"success"
"PR-10101","Beta","Database","Media",3.2,105,0,"success"
"PR-10102","Alpha","Frontend-UI","Media",62,781,1,"success"
"PR-10103","Gamma","Database","Baja",1.16,213,1,"success"
"PR-10104","Gamma","Database","Alta",41,448,3,"success"
"PR-10105","Delta","Auth-Service","Media",2.44,10,0,"success"
"PR-10106","Beta","Billing","Media",61,616,1,"success"
"PR-10107","Delta","Frontend-UI","Alta",1,10,0,"success"
"PR-10108","Beta","Frontend-UI","Alta",5.72,10,0,"failed"
"PR-10109","Alpha","Core-API","Media",26,288,2,"success"
"PR-10110","Beta","Database","Media",48,764,0,"success"
"PR-10111","Alpha","Auth-Service","Media",3.55,233,1,"success"
"PR-10112","Alpha","Core-API","Crítica",1,10,0,"success"
"PR-10113","Beta","Auth-Service","Media",6,101,2,"failed"
"PR-10114","Delta","Auth-Service","Media",1.37,80,2,"success"
"PR-10115","Beta","Auth-Service","Media",2.77,10,0,"success"
"PR-10116","Delta","Frontend-UI","Baja",3.95,113,0,"failed"
"PR-10117","Beta","Core-API","Baja",2.52,194,4,"success"
"PR-10118","Delta","Frontend-UI","Baja",2,10,0,"success"
"PR-10119","Alpha","Auth-Service","Media",24,465,1,"success"
"PR-10120","Delta","Frontend-UI","Media",62.36,675,3,"success"
"PR-10121","Beta","Database","Alta",68.03,1003,3,"success"
"PR-10122","Alpha","Billing","Media",1,10,0,"success"
"PR-10123","Beta","Billing","Baja",31,353,6,"rolled_back"
"PR-10124","Alpha","Billing","Baja",24.04,278,1,"success"
"PR-10125","Beta","Auth-Service","Alta",2.56,138,2,"success"
"PR-10126","Gamma","Frontend-UI","Media",2.12,151,2,"success"
"PR-10127","Gamma","Billing","Media",232.35,2943,17,"success"
"PR-10128","Delta","Database","Media",2,10,0,"rolled_back"
"PR-10129","Alpha","Billing","Crítica",45,494,4,"failed"
"PR-10130","Alpha","Billing","Baja",2,56,0,"success"
"PR-10131","Alpha","Frontend-UI","Baja",2,74,1,"failed"
"PR-10132","Gamma","Core-API","Alta",18.24,258,0,"success"
"PR-10133","Delta","Frontend-UI","Media",7,246,1,"success"
"PR-10134","Beta","Billing","Media",3,10,0,"success"
"PR-10135","Beta","Auth-Service","Media",10,54,0,"success"
"PR-10136","Alpha","Database","Baja",2,183,3,"failed"
"PR-10137","Alpha","Core-API","Alta",1.59,109,1,"success"
"PR-10138","Gamma","Billing","Baja",274,3362,21,"failed"
"PR-10139","Alpha","Core-API","Baja",309.87,3956,12,"success"
"PR-10140","Gamma","Database","Media",64.33,723,1,"success"
"PR-10141","Beta","Database","Baja",3.26,191,0,"success"
"PR-10142","Alpha","Billing","Crítica",28.61,415,3,"success"
"PR-10143","Alpha","Core-API","Crítica",54,616,3,"success"
"PR-10144","Delta","Billing","Media",2.11,117,0,"success"
"PR-10145","Gamma","Frontend-UI","Alta",2,251,2,"success"
"PR-10146","Gamma","Frontend-UI","Alta",196,2640,10,"failed"
"PR-10147","Beta","Auth-Service","Baja",2.59,10,0,"success"
"PR-10148","Alpha","Auth-Service","Media",41.52,570,0,"success"
"PR-10149","Delta","Auth-Service","Baja",4,50,0,"success"
"PR-10150","Delta","Database","Alta",45,447,1,"success"
"PR-10151","Alpha","Frontend-UI","Media",6,247,1,"success"
"PR-10152","Beta","Core-API","Baja",35.43,312,2,"failed"
"PR-10153","Beta","Billing","Alta",4.08,150,0,"success"
"PR-10154","Delta","Core-API","Media",42.4,339,0,"success"
"PR-10155","Beta","Database","Alta",244,3065,14,"failed"
"PR-10156","Gamma","Auth-Service","Media",41.51,272,1,"success"
"PR-10157","Alpha","Core-API","Media",2.81,63,0,"success"
"PR-10158","Gamma","Billing","Media",1,10,0,"rolled_back"
"PR-10159","Alpha","Frontend-UI","Crítica",271,3258,11,"success"
"PR-10160","Gamma","Frontend-UI","Crítica",4.77,105,1,"success"
"PR-10161","Beta","Auth-Service","Media",95,1376,4,"failed"
"PR-10162","Gamma","Core-API","Baja",4.35,140,1,"failed"
"PR-10163","Alpha","Frontend-UI","Media",9,177,0,"success"
"PR-10164","Gamma","Billing","Baja",51,498,1,"success"
"PR-10165","Delta","Billing","Baja",24,237,1,"rolled_back"
"PR-10166","Alpha","Auth-Service","Alta",3,258,0,"success"
"PR-10167","Gamma","Database","Alta",69.4,857,3,"failed"
"PR-10168","Gamma","Core-API","Media",5,332,0,"success"
"PR-10169","Beta","Auth-Service","Media",6,10,0,"success"
"PR-10170","Alpha","Frontend-UI","Baja",35.65,645,0,"success"
"PR-10171","Alpha","Frontend-UI","Alta",53.97,675,3,"rolled_back"
"PR-10172","Beta","Core-API","Alta",4,47,2,"success"
"PR-10173","Alpha","Database","Alta",41,522,2,"success"
"PR-10174","Gamma","Core-API","Media",69.66,832,1,"success"
"PR-10175","Gamma","Billing","Media",7.06,189,0,"success"
"PR-10176","Beta","Auth-Service","Crítica",1.03,10,0,"success"
"PR-10177","Delta","Frontend-UI","Baja",38,327,2,"failed"
"PR-10178","Beta","Database","Media",2.21,303,1,"success"
"PR-10179","Alpha","Auth-Service","Baja",6,10,0,"success"
"PR-10180","Delta","Frontend-UI","Alta",1,75,0,"success"
"PR-10181","Alpha","Database","Baja",37,677,2,"failed"
"PR-10182","Alpha","Frontend-UI","Alta",5.91,33,0,"success"
"PR-10183","Beta","Database","Baja",6.16,266,0,"success"
"PR-10184","Beta","Auth-Service","Media",2,164,1,"success"
"PR-10185","Gamma","Core-API","Crítica",66.15,887,3,"failed"
"PR-10186","Beta","Database","Media",2.06,126,2,"success"
"PR-10187","Beta","Core-API","Media",251,3134,10,"failed"
"PR-10188","Beta","Billing","Media",24,319,3,"success"
"PR-10189","Beta","Database","Alta",61,532,5,"success"
"PR-10190","Delta","Database","Media",1.79,96,0,"success"
"PR-10191","Delta","Auth-Service","Baja",1.7,52,1,"failed"
"PR-10192","Delta","Frontend-UI","Media",1,249,1,"success"
"PR-10193","Beta","Auth-Service","Media",42,488,2,"success"
"PR-10194","Gamma","Auth-Service","Media",43,541,1,"failed"
"PR-10195","Delta","Frontend-UI","Crítica",3,40,0,"success"
"PR-10196","Gamma","Auth-Service","Baja",62.51,942,0,"success"
"PR-10197","Gamma","Frontend-UI","Baja",46,474,1,"success"
"PR-10198","Delta","Core-API","Baja",1.39,134,0,"success"
"PR-10199","Beta","Billing","Alta",81.39,1048,4,"failed"
"PR-10200","Gamma","Auth-Service","Crítica",2,69,0,"success"
"PR-10201","Gamma","Database","Media",1.35,102,0,"success"
"PR-10202","Alpha","Frontend-UI","Media",2,127,0,"success"
"PR-10203","Beta","Billing","Alta",6.37,79,0,"success"
"PR-10204","Alpha","Billing","Media",55,579,3,"success"
"PR-10205","Beta","Frontend-UI","Baja",9,96,1,"success"
"PR-10206","Gamma","Auth-Service","Media",230,2852,13,"success"
"PR-10207","Alpha","Frontend-UI","Media",282.8,3514,14,"failed"
"PR-10208","Gamma","Billing","Alta",62.51,709,1,"success"
"PR-10209","Beta","Auth-Service","Crítica",5.53,150,2,"success"
"PR-10210","Alpha","Auth-Service","Media",3.65,10,0,"success"
"PR-10211","Alpha","Auth-Service","Baja",3,10,0,"success"
"PR-10212","Beta","Core-API","Media",24.41,397,4,"success"
"PR-10213","Delta","Billing","Alta",1.22,10,0,"success"
"PR-10214","Delta","Database","Media",24.27,527,1,"success"
"PR-10215","Alpha","Billing","Media",5.36,209,0,"success"
"PR-10216","Alpha","Frontend-UI","Media",2.44,10,0,"success"
"PR-10217","Delta","Database","Media",67,776,5,"failed"
"PR-10218","Delta","Auth-Service","Baja",75.27,1270,7,"failed"
"PR-10219","Delta","Auth-Service","Media",48,779,7,"success"
"PR-10220","Beta","Database","Media",72,1000,2,"failed"
"PR-10221","Delta","Frontend-UI","Alta",67.69,802,4,"success"
"PR-10222","Beta","Billing","Alta",6.14,10,1,"success"
"PR-10223","Beta","Frontend-UI","Media",4,19,0,"success"
"PR-10224","Delta","Database","Media",86,1109,5,"rolled_back"
"PR-10225","Beta","Billing","Media",7,133,2,"success"
"PR-10226","Beta","Billing","Media",46.57,293,2,"success"
"PR-10227","Beta","Database","Baja",6,217,1,"success"
"PR-10228","Beta","Billing","Crítica",7,105,0,"success"
"PR-10229","Beta","Billing","Media",70,955,4,"success"
"PR-10230","Gamma","Billing","Crítica",2.79,95,0,"success"
"PR-10231","Gamma","Frontend-UI","Media",276,3214,10,"failed"
"PR-10232","Beta","Database","Crítica",3,10,0,"success"
"PR-10233","Beta","Billing","Crítica",59.68,748,4,"failed"
"PR-10234","Gamma","Frontend-UI","Alta",8,214,2,"success"
"PR-10235","Gamma","Core-API","Media",7.08,10,0,"success"
"PR-10236","Alpha","Billing","Media",31,426,1,"success"
"PR-10237","Gamma","Frontend-UI","Alta",3,62,1,"success"
"PR-10238","Gamma","Billing","Media",148,2049,7,"rolled_back"
"PR-10239","Gamma","Billing","Crítica",78.49,852,3,"success"
"PR-10240","Beta","Billing","Media",6.57,10,0,"failed"
"PR-10241","Gamma","Database","Baja",72,861,4,"success"
"PR-10242","Beta","Core-API","Media",6,429,2,"failed"
"PR-10243","Alpha","Frontend-UI","Alta",2.39,40,0,"success"
"PR-10244","Beta","Frontend-UI","Media",32.59,359,3,"success"
"PR-10245","Delta","Billing","Alta",6,208,2,"failed"
"PR-10246","Alpha","Frontend-UI","Alta",0.65,242,1,"failed"
"PR-10247","Gamma","Core-API","Media",35.09,312,2,"success"
"PR-10248","Alpha","Database","Baja",3,10,0,"success"
"PR-10249","Gamma","Frontend-UI","Media",37.19,241,2,"success"
"PR-10250","Alpha","Billing","Baja",73,809,1,"success"
"PR-10251","Alpha","Core-API","Crítica",41.42,535,0,"success"
"PR-10252","Alpha","Core-API","Alta",9,170,0,"success"
"PR-10253","Beta","Billing","Media",136,1740,6,"rolled_back"
"PR-10254","Alpha","Billing","Media",3,196,2,"success"
"PR-10255","Gamma","Core-API","Crítica",52,580,2,"failed"
"PR-10256","Gamma","Billing","Media",35.27,463,3,"success"
"PR-10257","Delta","Auth-Service","Crítica",0.77,127,0,"success"
"PR-10258","Gamma","Auth-Service","Alta",10.76,348,1,"success"
"PR-10259","Alpha","Frontend-UI","Media",3.95,64,0,"success"
"PR-10260","Beta","Core-API","Baja",31,336,0,"success"
"PR-10261","Delta","Auth-Service","Baja",3,236,0,"success"
"PR-10262","Delta","Auth-Service","Alta",55,878,3,"success"
"PR-10263","Alpha","Database","Crítica",8.67,168,0,"success"
"PR-10264","Delta","Billing","Baja",4,168,0,"success"
"PR-10265","Beta","Billing","Crítica",1,10,1,"success"
"PR-10266","Alpha","Database","Alta",68.7,923,4,"failed"
"PR-10267","Beta","Core-API","Crítica",5,115,1,"success"
"PR-10268","Delta","Billing","Baja",3.79,303,2,"success"
"PR-10269","Alpha","Billing","Alta",3.24,41,1,"success"
"PR-10270","Gamma","Database","Media",3.09,381,1,"success"
"PR-10271","Delta","Frontend-UI","Alta",43,497,1,"success"
"PR-10272","Delta","Frontend-UI","Media",2,10,0,"success"
"PR-10273","Gamma","Auth-Service","Alta",50,580,6,"success"
"PR-10274","Beta","Billing","Media",3.35,131,1,"success"
"PR-10275","Beta","Database","Media",4,115,0,"success"
"PR-10276","Delta","Auth-Service","Baja",39,529,2,"success"
"PR-10277","Delta","Auth-Service","Media",4.4,10,0,"success"
"PR-10278","Alpha","Core-API","Baja",2.78,10,0,"success"
"PR-10279","Gamma","Billing","Media",63.7,998,0,"success"
"PR-10280","Delta","Billing","Alta",270,3446,22,"success"
"PR-10281","Beta","Database","Media",37,571,1,"success"
"PR-10282","Gamma","Billing","Media",6.84,72,0,"success"
"PR-10283","Alpha","Auth-Service","Media",43,763,3,"rolled_back"
"PR-10284","Gamma","Frontend-UI","Media",45,600,1,"success"
"PR-10285","Beta","Billing","Baja",2.61,103,0,"success"
"PR-10286","Beta","Core-API","Media",6,267,0,"success"
"PR-10287","Alpha","Core-API","Alta",46.23,745,4,"success"
"PR-10288","Gamma","Billing","Alta",4,126,0,"success"
"PR-10289","Alpha","Core-API","Alta",47.94,507,1,"rolled_back"
"PR-10290","Alpha","Database","Media",13.5,329,1,"success"
"PR-10291","Delta","Core-API","Baja",68,1013,3,"rolled_back"
"PR-10292","Gamma","Billing","Media",3,23,0,"success"
"PR-10293","Beta","Billing","Baja",62.68,783,1,"success"
"PR-10294","Gamma","Database","Media",3,114,1,"success"
"PR-10295","Delta","Auth-Service","Baja",46.43,661,2,"success"
"PR-10296","Alpha","Frontend-UI","Alta",3,88,0,"success"
"PR-10297","Alpha","Core-API","Alta",27.1,314,0,"success"
"PR-10298","Gamma","Billing","Media",0.84,10,0,"success"
"PR-10299","Gamma","Core-API","Media",5,191,1,"success"
"PR-10300","Beta","Core-API","Media",2.95,59,0,"success"
"PR-10301","Alpha","Auth-Service","Crítica",53.84,581,4,"success"
"PR-10302","Alpha","Frontend-UI","Alta",37,446,4,"success"
"PR-10303","Alpha","Frontend-UI","Media",3.84,10,0,"success"
"PR-10304","Gamma","Frontend-UI","Media",4.56,163,1,"success"
"PR-10305","Alpha","Database","Media",31,332,1,"success"
"PR-10306","Beta","Core-API","Media",40.41,655,4,"failed"
"PR-10307","Gamma","Billing","Media",24,198,1,"success"
"PR-10308","Alpha","Frontend-UI","Crítica",60.96,856,2,"failed"
"PR-10309","Gamma","Frontend-UI","Alta",57.69,817,1,"success"
"PR-10310","Beta","Core-API","Alta",5.34,247,2,"success"
"PR-10311","Beta","Billing","Media",33.32,573,2,"success"
"PR-10312","Gamma","Frontend-UI","Crítica",4,14,1,"success"
"PR-10313","Beta","Core-API","Baja",5.53,161,0,"success"
"PR-10314","Delta","Core-API","Baja",35.46,576,0,"success"
"PR-10315","Beta","Auth-Service","Media",3,245,2,"rolled_back"
"PR-10316","Beta","Core-API","Crítica",29,325,1,"success"
"PR-10317","Beta","Frontend-UI","Baja",246,3007,9,"success"
"PR-10318","Beta","Database","Alta",3,178,0,"rolled_back"
"PR-10319","Beta","Auth-Service","Media",1,120,1,"success"
"PR-10320","Delta","Auth-Service","Alta",29,335,0,"success"
"PR-10321","Gamma","Database","Baja",41.26,530,3,"failed"
"PR-10322","Beta","Frontend-UI","Alta",68.07,912,4,"success"
"PR-10323","Alpha","Billing","Alta",4,126,0,"success"
"PR-10324","Beta","Billing","Media",36.36,411,1,"failed"
"PR-10325","Alpha","Database","Media",3,88,1,"success"
"PR-10326","Beta","Database","Media",11,268,0,"success"
"PR-10327","Delta","Frontend-UI","Baja",28,479,2,"success"
"PR-10328","Alpha","Database","Alta",3,194,0,"success"
"PR-10329","Gamma","Core-API","Baja",36,616,4,"rolled_back"
"PR-10330","Gamma","Frontend-UI","Crítica",34.83,370,1,"success"
"PR-10331","Beta","Auth-Service","Alta",50.56,735,2,"success"
"PR-10332","Delta","Billing","Alta",7,65,0,"success"
"PR-10333","Beta","Core-API","Media",1.95,10,0,"success"
"PR-10334","Beta","Billing","Alta",16,286,0,"success"
"PR-10335","Gamma","Database","Alta",1,52,0,"success"
"PR-10336","Beta","Frontend-UI","Media",8,294,1,"success"
"PR-10337","Delta","Auth-Service","Baja",3.85,51,1,"success"
"PR-10338","Alpha","Core-API","Media",49,657,3,"failed"
"PR-10339","Beta","Frontend-UI","Media",1.65,10,0,"success"
"PR-10340","Alpha","Core-API","Media",53.28,736,3,"success"
"PR-10341","Beta","Frontend-UI","Baja",33.58,291,0,"success"
"PR-10342","Alpha","Frontend-UI","Crítica",3,10,1,"success"
"PR-10343","Alpha","Core-API","Crítica",73.96,800,3,"success"
"PR-10344","Delta","Database","Media",4.25,10,0,"success"
"PR-10345","Beta","Auth-Service","Crítica",35,199,0,"success"
"PR-10346","Gamma","Billing","Media",91.25,1106,5,"success"
"PR-10347","Delta","Frontend-UI","Alta",0,49,0,"success"
"PR-10348","Delta","Frontend-UI","Media",42.97,644,2,"success"
"PR-10349","Delta","Frontend-UI","Media",7,10,1,"success"
"PR-10350","Delta","Auth-Service","Media",1.41,114,0,"success"
"PR-10351","Beta","Database","Alta",3.99,59,0,"success"
"PR-10352","Alpha","Core-API","Baja",5.03,10,1,"success"
"PR-10353","Beta","Frontend-UI","Media",4.77,87,0,"success"
"PR-10354","Gamma","Billing","Baja",72,866,2,"success"
"PR-10355","Beta","Auth-Service","Alta",6,94,0,"success"
"PR-10356","Gamma","Auth-Service","Alta",23.92,347,1,"success"
"PR-10357","Beta","Database","Crítica",43.54,658,0,"success"
"PR-10358","Beta","Billing","Media",4,183,1,"failed"
"PR-10359","Beta","Billing","Media",47.56,488,2,"success"
"PR-10360","Gamma","Auth-Service","Baja",95,1191,5,"success"
"PR-10361","Delta","Billing","Alta",3.52,88,1,"success"
"PR-10362","Delta","Auth-Service","Baja",297,3723,14,"success"
"PR-10363","Gamma","Frontend-UI","Media",18.47,155,2,"success"
"PR-10364","Beta","Billing","Alta",5,10,0,"success"
"PR-10365","Beta","Billing","Alta",1,10,0,"success"
"PR-10366","Gamma","Frontend-UI","Media",54,666,6,"success"
"PR-10367","Alpha","Billing","Alta",65.04,798,3,"success"
"PR-10368","Gamma","Frontend-UI","Media",5,147,1,"success"
"PR-10369","Alpha","Database","Media",39,415,5,"rolled_back"
"PR-10370","Alpha","Auth-Service","Media",22,320,3,"success"
"PR-10371","Beta","Core-API","Alta",4.72,10,1,"success"
"PR-10372","Alpha","Frontend-UI","Media",53,860,2,"success"
"PR-10373","Gamma","Frontend-UI","Media",2.66,248,1,"success"
"PR-10374","Gamma","Database","Alta",2.68,182,1,"failed"
"PR-10375","Beta","Core-API","Baja",159,2081,4,"success"
"PR-10376","Alpha","Frontend-UI","Baja",5,124,2,"rolled_back"
"PR-10377","Gamma","Database","Alta",76,1001,5,"rolled_back"
"PR-10378","Delta","Database","Media",2.06,10,0,"failed"
"PR-10379","Gamma","Billing","Crítica",1.83,139,0,"success"
"PR-10380","Delta","Database","Media",1,10,0,"success"
"PR-10381","Beta","Core-API","Crítica",59,931,4,"success"
"PR-10382","Beta","Core-API","Alta",48,608,7,"rolled_back"
"PR-10383","Alpha","Database","Media",49.26,733,3,"success"
"PR-10384","Alpha","Core-API","Baja",214.19,2666,12,"failed"
"PR-10385","Alpha","Frontend-UI","Alta",43,624,2,"success"
"PR-10386","Gamma","Database","Media",40.68,331,1,"success"
"PR-10387","Alpha","Database","Media",0.47,136,0,"success"
"PR-10388","Beta","Frontend-UI","Baja",169,2234,7,"success"
"PR-10389","Delta","Frontend-UI","Baja",6.09,10,0,"success"
"PR-10390","Alpha","Auth-Service","Alta",5.21,91,1,"success"
"PR-10391","Alpha","Database","Alta",7,10,0,"success"
"PR-10392","Beta","Frontend-UI","Alta",48.7,442,3,"failed"
"PR-10393","Alpha","Database","Alta",59,762,5,"failed"
"PR-10394","Delta","Core-API","Alta",4,10,0,"success"
"PR-10395","Alpha","Billing","Media",3.34,10,0,"success"
"PR-10396","Alpha","Frontend-UI","Media",46.58,616,2,"success"
"PR-10397","Gamma","Core-API","Baja",72,671,8,"rolled_back"
"PR-10398","Beta","Auth-Service","Crítica",63.15,743,2,"rolled_back"
"PR-10399","Gamma","Billing","Media",5.04,74,1,"success"
"PR-10400","Gamma","Auth-Service","Media",1.17,215,0,"success"
"PR-10401","Alpha","Billing","Media",72.25,955,2,"success"
"PR-10402","Beta","Core-API","Alta",3,67,0,"success"
"PR-10403","Beta","Core-API","Baja",2.56,231,1,"success"
"PR-10404","Gamma","Database","Media",4,107,0,"success"
"PR-10405","Alpha","Core-API","Media",6.32,10,1,"success"
"PR-10406","Delta","Frontend-UI","Media",10,127,0,"success"
"PR-10407","Gamma","Database","Media",23.02,381,0,"success"
"PR-10408","Alpha","Core-API","Media",34.01,136,0,"success"
"PR-10409","Gamma","Billing","Media",2,187,0,"failed"
"PR-10410","Beta","Auth-Service","Alta",35,537,1,"success"
"PR-10411","Gamma","Database","Baja",70.16,994,4,"failed"
"PR-10412","Beta","Auth-Service","Baja",1.48,66,1,"success"
"PR-10413","Beta","Billing","Alta",54,814,2,"success"
"PR-10414","Gamma","Database","Alta",5,230,0,"failed"
"PR-10415","Delta","Billing","Alta",168.51,2175,8,"success"
"PR-10416","Gamma","Billing","Media",2,169,2,"success"
"PR-10417","Alpha","Billing","Media",120,1409,7,"failed"
"PR-10418","Beta","Core-API","Baja",8,366,2,"success"
"PR-10419","Beta","Database","Alta",37.59,612,1,"success"
"PR-10420","Beta","Core-API","Baja",120,1508,0,"success"
"PR-10421","Beta","Billing","Alta",50.55,711,3,"success"
"PR-10422","Delta","Auth-Service","Media",36,618,6,"success"
"PR-10423","Alpha","Core-API","Media",1,134,0,"success"
"PR-10424","Beta","Billing","Media",2.33,11,0,"success"
"PR-10425","Gamma","Core-API","Alta",0.54,10,2,"rolled_back"
"PR-10426","Gamma","Core-API","Baja",69,990,8,"failed"
"PR-10427","Beta","Auth-Service","Crítica",7,360,0,"success"
"PR-10428","Beta","Frontend-UI","Baja",7.66,42,0,"success"
"PR-10429","Beta","Auth-Service","Baja",110.96,1346,6,"success"
"PR-10430","Alpha","Core-API","Media",4.13,90,0,"success"
"PR-10431","Gamma","Billing","Crítica",3,19,1,"success"
"PR-10432","Gamma","Core-API","Alta",49,678,4,"success"
"PR-10433","Gamma","Auth-Service","Crítica",292.24,3441,15,"rolled_back"
"PR-10434","Delta","Billing","Alta",33,519,4,"success"
"PR-10435","Alpha","Billing","Alta",91.83,1047,3,"success"
"PR-10436","Alpha","Database","Crítica",7,108,0,"success"
"PR-10437","Delta","Auth-Service","Media",58.89,809,2,"rolled_back"
"PR-10438","Gamma","Core-API","Alta",2,123,0,"success"
"PR-10439","Beta","Frontend-UI","Media",2.29,144,0,"success"
"PR-10440","Beta","Frontend-UI","Media",44.8,633,2,"success"
"PR-10441","Delta","Database","Media",6,250,0,"success"
"PR-10442","Beta","Billing","Crítica",32,316,0,"success"
"PR-10443","Gamma","Database","Media",219,2653,14,"success"
"PR-10444","Delta","Core-API","Baja",5.63,94,0,"success"
"PR-10445","Delta","Frontend-UI","Media",57.42,943,3,"failed"
"PR-10446","Gamma","Billing","Alta",38,297,0,"success"
"PR-10447","Beta","Frontend-UI","Alta",0.6,120,0,"success"
"PR-10448","Beta","Frontend-UI","Media",2,53,0,"success"
"PR-10449","Beta","Frontend-UI","Media",7,10,0,"success"
"PR-10450","Delta","Frontend-UI","Media",53,632,2,"success"
"PR-10451","Delta","Auth-Service","Media",94.26,1175,2,"success"
"PR-10452","Delta","Auth-Service","Baja",68,920,4,"success"
"PR-10453","Delta","Billing","Baja",31.62,472,4,"failed"
"PR-10454","Gamma","Auth-Service","Media",55.88,725,4,"success"
"PR-10455","Beta","Auth-Service","Media",8,245,3,"success"
"PR-10456","Alpha","Core-API","Alta",2,17,0,"success"
"PR-10457","Beta","Auth-Service","Alta",5,176,2,"success"
"PR-10458","Delta","Auth-Service","Media",44,754,3,"success"
"PR-10459","Delta","Frontend-UI","Baja",246.54,3141,15,"failed"
"PR-10460","Gamma","Auth-Service","Media",250,3067,13,"rolled_back"
"PR-10461","Delta","Core-API","Media",4,121,0,"success"
"PR-10462","Gamma","Database","Media",1.31,64,0,"success"
"PR-10463","Alpha","Core-API","Alta",29.04,413,2,"success"
"PR-10464","Beta","Database","Baja",34,510,3,"success"
"PR-10465","Delta","Frontend-UI","Alta",2.56,107,1,"success"
"PR-10466","Beta","Billing","Alta",4,128,0,"success"
"PR-10467","Beta","Auth-Service","Baja",51,778,7,"failed"
"PR-10468","Alpha","Frontend-UI","Baja",6.06,311,2,"failed"
"PR-10469","Gamma","Frontend-UI","Media",38,710,3,"success"
"PR-10470","Alpha","Billing","Media",8,200,3,"success"
"PR-10471","Alpha","Frontend-UI","Media",1.65,10,0,"success"
"PR-10472","Alpha","Database","Media",37,548,4,"success"
"PR-10473","Gamma","Frontend-UI","Crítica",46,411,0,"success"
"PR-10474","Delta","Auth-Service","Baja",3,24,0,"success"
"PR-10475","Gamma","Billing","Alta",9.29,177,1,"success"
"PR-10476","Delta","Database","Media",9.25,194,1,"success"
"PR-10477","Beta","Core-API","Alta",43.47,776,1,"success"
"PR-10478","Beta","Database","Alta",26,490,3,"failed"
"PR-10479","Alpha","Core-API","Media",48,604,2,"failed"
"PR-10480","Delta","Database","Media",40,563,0,"success"
"PR-10481","Gamma","Core-API","Alta",34.39,576,2,"success"
"PR-10482","Delta","Frontend-UI","Media",33,395,1,"success"
"PR-10483","Delta","Billing","Crítica",72,1073,3,"success"
"PR-10484","Delta","Frontend-UI","Media",3.73,10,0,"success"
"PR-10485","Alpha","Auth-Service","Media",13.12,175,2,"success"
"PR-10486","Gamma","Database","Crítica",1,10,0,"success"
"PR-10487","Gamma","Core-API","Alta",1,195,4,"success"
"PR-10488","Beta","Database","Alta",6,125,0,"success"
"PR-10489","Gamma","Core-API","Alta",48.28,753,5,"success"
"PR-10490","Beta","Billing","Baja",3,20,0,"success"
"PR-10491","Beta","Core-API","Media",1.14,42,0,"success"
"PR-10492","Beta","Frontend-UI","Crítica",2,10,0,"success"
"PR-10493","Beta","Auth-Service","Media",1.59,354,1,"success"
"PR-10494","Alpha","Auth-Service","Alta",43.93,471,3,"success"
"PR-10495","Beta","Frontend-UI","Alta",1,51,1,"success"
"PR-10496","Beta","Auth-Service","Baja",34,444,1,"success"
"PR-10497","Delta","Database","Media",6,218,0,"success"
"PR-10498","Beta","Billing","Alta",59.56,893,3,"success"
"PR-10499","Delta","Billing","Media",93,1108,7,"failed"
"PR-10500","Delta","Auth-Service","Alta",44.69,478,0,"success"
"PR-10501","Alpha","Database","Media",73,1055,4,"failed"
"PR-10502","Delta","Database","Media",52.18,417,3,"success"
"PR-10503","Alpha","Billing","Baja",5.23,10,1,"success"
"PR-10504","Beta","Database","Alta",5,81,0,"success"
"PR-10505","Alpha","Billing","Baja",24.39,424,1,"failed"
"PR-10506","Beta","Core-API","Alta",4.27,33,0,"success"
"PR-10507","Gamma","Frontend-UI","Media",55,787,5,"success"
"PR-10508","Alpha","Core-API","Media",2.16,42,0,"success"
"PR-10509","Delta","Core-API","Baja",4.22,40,1,"success"
"PR-10510","Beta","Auth-Service","Media",3,10,1,"success"
"PR-10511","Beta","Billing","Media",50.01,844,5,"success"
"PR-10512","Alpha","Frontend-UI","Media",4,244,1,"rolled_back"
"PR-10513","Delta","Database","Media",1.19,42,0,"success"
"PR-10514","Alpha","Auth-Service","Baja",46.79,652,0,"success"
"PR-10515","Alpha","Core-API","Alta",6,248,1,"success"
"PR-10516","Gamma","Billing","Media",1,10,1,"failed"
"PR-10517","Beta","Database","Baja",4,10,1,"success"
"PR-10518","Gamma","Frontend-UI","Baja",22,314,0,"success"
"PR-10519","Delta","Database","Baja",50,800,2,"success"
"PR-10520","Delta","Core-API","Media",5.04,142,1,"success"
"PR-10521","Beta","Billing","Media",1,135,0,"success"
"PR-10522","Beta","Database","Media",1.86,181,0,"success"
"PR-10523","Gamma","Frontend-UI","Alta",65.1,606,6,"failed"
"PR-10524","Beta","Frontend-UI","Media",73.42,824,4,"rolled_back"
"PR-10525","Alpha","Billing","Baja",40,463,2,"success"
"PR-10526","Alpha","Frontend-UI","Alta",30,387,1,"success"
"PR-10527","Gamma","Frontend-UI","Alta",3,25,0,"success"
"PR-10528","Delta","Database","Alta",2,10,0,"success"
"PR-10529","Gamma","Frontend-UI","Baja",8.7,128,1,"success"
"PR-10530","Gamma","Database","Media",25,321,1,"success"
"PR-10531","Delta","Database","Alta",1,13,0,"success"
"PR-10532","Gamma","Billing","Baja",53,755,5,"failed"
"PR-10533","Gamma","Billing","Baja",148,1825,7,"failed"
"PR-10534","Delta","Database","Alta",64,782,0,"rolled_back"
"PR-10535","Beta","Billing","Media",3,31,0,"success"
"PR-10536","Delta","Billing","Alta",4,85,0,"success"
"PR-10537","Alpha","Database","Baja",28,454,2,"failed"
"PR-10538","Alpha","Database","Media",1,220,1,"success"
"PR-10539","Delta","Frontend-UI","Media",16,317,3,"success"
"PR-10540","Delta","Core-API","Media",200.51,2466,10,"failed"
"PR-10541","Beta","Database","Media",35.11,631,4,"success"
"PR-10542","Gamma","Database","Alta",2.71,10,1,"success"
"PR-10543","Alpha","Frontend-UI","Alta",29.38,344,2,"success"
"PR-10544","Gamma","Billing","Alta",3,217,0,"success"
"PR-10545","Gamma","Auth-Service","Media",44.26,378,6,"failed"
"PR-10546","Gamma","Auth-Service","Baja",2.53,187,0,"success"
"PR-10547","Delta","Billing","Alta",1.13,10,0,"success"
"PR-10548","Alpha","Auth-Service","Alta",4,97,0,"success"
"PR-10549","Alpha","Database","Media",24,240,1,"success"
"PR-10550","Alpha","Core-API","Media",37.98,409,2,"failed"
"PR-10551","Gamma","Core-API","Alta",11.81,152,0,"success"
"PR-10552","Delta","Billing","Media",6,10,0,"success"
"PR-10553","Alpha","Billing","Baja",81.37,1004,2,"success"
"PR-10554","Beta","Auth-Service","Media",1.31,168,0,"success"
"PR-10555","Alpha","Frontend-UI","Alta",227,2637,11,"success"
"PR-10556","Alpha","Database","Media",4,10,0,"failed"
"PR-10557","Gamma","Database","Alta",0.35,10,0,"success"
"PR-10558","Gamma","Frontend-UI","Crítica",3,93,0,"success"
"PR-10559","Alpha","Core-API","Media",1,82,1,"success"
"PR-10560","Alpha","Database","Baja",1,47,0,"success"
"PR-10561","Delta","Database","Media",3,51,0,"success"
"PR-10562","Beta","Auth-Service","Media",289.95,3369,18,"success"
"PR-10563","Gamma","Frontend-UI","Alta",145.61,1839,8,"failed"
"PR-10564","Alpha","Database","Media",3,214,1,"success"
"PR-10565","Gamma","Billing","Alta",267.09,3043,12,"success"
"PR-10566","Beta","Core-API","Media",2,10,0,"success"
"PR-10567","Gamma","Database","Alta",97,1022,3,"failed"
"PR-10568","Alpha","Auth-Service","Alta",50,731,0,"failed"
"PR-10569","Gamma","Auth-Service","Crítica",33,540,2,"success"
"PR-10570","Beta","Frontend-UI","Alta",46.38,471,1,"success"
"PR-10571","Beta","Auth-Service","Baja",2,79,1,"success"
"PR-10572","Delta","Billing","Media",1.34,20,0,"success"
"PR-10573","Gamma","Auth-Service","Media",4,10,0,"success"
"PR-10574","Delta","Core-API","Baja",31.58,517,4,"success"
"PR-10575","Gamma","Core-API","Media",54.61,561,1,"success"
"PR-10576","Beta","Database","Crítica",75,645,3,"failed"
"PR-10577","Beta","Core-API","Media",3,10,0,"success"
"PR-10578","Alpha","Core-API","Media",6,10,0,"success"
"PR-10579","Gamma","Frontend-UI","Baja",10,118,0,"success"
"PR-10580","Beta","Billing","Media",2.04,125,0,"success"
"PR-10581","Alpha","Frontend-UI","Alta",56.31,724,6,"failed"
"PR-10582","Gamma","Billing","Media",1,10,1,"success"
"PR-10583","Beta","Frontend-UI","Media",1.81,53,0,"success"
"PR-10584","Beta","Core-API","Media",1.48,10,0,"success"
"PR-10585","Delta","Core-API","Baja",55,854,3,"success"
"PR-10586","Gamma","Database","Media",30,503,0,"failed"
"PR-10587","Beta","Billing","Crítica",3,42,0,"success"
"PR-10588","Alpha","Database","Media",33,573,4,"failed"
"PR-10589","Gamma","Frontend-UI","Media",5,284,3,"rolled_back"
"PR-10590","Beta","Auth-Service","Alta",93.13,1099,3,"failed"
"PR-10591","Alpha","Auth-Service","Media",43,581,2,"success"
"PR-10592","Gamma","Frontend-UI","Alta",69.38,881,3,"failed"
"PR-10593","Beta","Database","Alta",42,718,3,"failed"
"PR-10594","Delta","Frontend-UI","Media",5.6,215,1,"success"
"PR-10595","Alpha","Frontend-UI","Crítica",2.22,20,0,"success"
"PR-10596","Delta","Billing","Media",48,615,4,"success"
"PR-10597","Gamma","Database","Media",8,200,2,"success"
"PR-10598","Beta","Auth-Service","Baja",41.6,478,0,"failed"
"PR-10599","Alpha","Core-API","Crítica",5,28,0,"success"
"PR-10600","Gamma","Frontend-UI","Media",2,10,0,"success"
"PR-10601","Gamma","Database","Media",294,3454,17,"failed"
"PR-10602","Alpha","Auth-Service","Baja",1.65,352,1,"success"
"PR-10603","Gamma","Auth-Service","Media",5.25,10,0,"success"
"PR-10604","Alpha","Billing","Crítica",173.31,2277,8,"failed"
"PR-10605","Gamma","Core-API","Media",2,10,1,"success"
"PR-10606","Alpha","Core-API","Crítica",6.29,83,0,"success"
"PR-10607","Gamma","Frontend-UI","Baja",38,298,1,"success"
"PR-10608","Beta","Auth-Service","Alta",1.91,10,0,"success"
"PR-10609","Gamma","Billing","Crítica",5,366,0,"success"
"PR-10610","Beta","Auth-Service","Media",53,682,3,"success"
"PR-10611","Delta","Frontend-UI","Baja",30.39,324,0,"success"
"PR-10612","Alpha","Frontend-UI","Media",43.89,467,0,"success"
"PR-10613","Delta","Billing","Media",5,10,1,"success"
"PR-10614","Delta","Auth-Service","Baja",53.66,794,4,"success"
"PR-10615","Beta","Frontend-UI","Media",20.4,272,2,"success"
"PR-10616","Alpha","Frontend-UI","Alta",19,515,2,"success"
"PR-10617","Gamma","Auth-Service","Media",1.77,10,0,"success"
"PR-10618","Beta","Core-API","Media",257,3276,12,"success"
"PR-10619","Alpha","Database","Media",10,102,0,"success"
"PR-10620","Alpha","Auth-Service","Media",3.96,251,2,"success"
"PR-10621","Gamma","Frontend-UI","Media",41.63,490,3,"success"
"PR-10622","Beta","Billing","Media",14,278,2,"success"
"PR-10623","Beta","Core-API","Alta",4.89,17,1,"success"
"PR-10624","Alpha","Core-API","Media",1.15,94,0,"success"
"PR-10625","Beta","Core-API","Baja",2,10,0,"success"
"PR-10626","Beta","Billing","Media",5,254,3,"failed"
"PR-10627","Gamma","Auth-Service","Media",2.04,192,0,"success"
"PR-10628","Beta","Core-API","Baja",1,89,0,"success"
"PR-10629","Delta","Auth-Service","Alta",0.7,33,0,"success"
"PR-10630","Beta","Database","Baja",0.78,10,0,"success"
"PR-10631","Alpha","Core-API","Media",5,145,0,"success"
"PR-10632","Gamma","Core-API","Media",45.09,732,3,"success"
"PR-10633","Alpha","Auth-Service","Alta",9,338,1,"success"
"PR-10634","Gamma","Core-API","Media",26.89,185,0,"success"
"PR-10635","Alpha","Billing","Media",309.17,3710,20,"success"
"PR-10636","Alpha","Auth-Service","Baja",34.69,475,0,"success"
"PR-10637","Gamma","Billing","Media",21,397,1,"success"
"PR-10638","Delta","Database","Baja",1,37,0,"success"
"PR-10639","Beta","Core-API","Crítica",1,57,0,"success"
"PR-10640","Beta","Billing","Alta",94.37,1345,5,"success"
"PR-10641","Delta","Billing","Media",5,10,0,"success"
"PR-10642","Alpha","Database","Media",7.96,119,0,"success"
"PR-10643","Beta","Auth-Service","Alta",2,265,3,"success"
"PR-10644","Alpha","Billing","Media",51.84,665,5,"failed"
"PR-10645","Delta","Auth-Service","Media",1,191,0,"success"
"PR-10646","Alpha","Frontend-UI","Crítica",7.04,13,0,"success"
"PR-10647","Beta","Auth-Service","Crítica",56,979,2,"failed"
"PR-10648","Beta","Database","Alta",2,29,0,"success"
"PR-10649","Delta","Core-API","Crítica",49,723,2,"success"
"PR-10650","Gamma","Database","Crítica",32,301,2,"success"
"PR-10651","Alpha","Database","Baja",38,654,3,"success"
"PR-10652","Delta","Billing","Baja",4.48,75,3,"success"
"PR-10653","Delta","Frontend-UI","Media",48,722,1,"success"
"PR-10654","Delta","Billing","Media",46.57,784,2,"success"
"PR-10655","Beta","Auth-Service","Media",33,454,2,"success"
"PR-10656","Alpha","Billing","Alta",85,1063,3,"failed"
"PR-10657","Delta","Core-API","Media",3,53,0,"success"
"PR-10658","Gamma","Billing","Alta",71,784,2,"failed"
"PR-10659","Beta","Core-API","Baja",60,831,7,"failed"
"PR-10660","Beta","Billing","Alta",3.8,83,1,"success"
"PR-10661","Alpha","Billing","Alta",0.7,81,1,"rolled_back"
"PR-10662","Gamma","Billing","Alta",4.93,148,1,"success"
"PR-10663","Gamma","Database","Baja",1.07,148,0,"success"
"PR-10664","Beta","Auth-Service","Alta",1,97,0,"success"
"PR-10665","Gamma","Billing","Media",3.89,131,2,"success"
"PR-10666","Delta","Auth-Service","Alta",5,373,0,"success"
"PR-10667","Alpha","Frontend-UI","Baja",4,290,2,"success"
"PR-10668","Alpha","Billing","Media",39.46,640,1,"success"
"PR-10669","Beta","Core-API","Baja",37.72,613,2,"success"
"PR-10670","Beta","Billing","Media",65,975,6,"success"
"PR-10671","Delta","Database","Baja",1.07,59,1,"success"
"PR-10672","Delta","Core-API","Baja",71,871,4,"failed"
"PR-10673","Delta","Auth-Service","Media",3.38,262,2,"failed"
"PR-10674","Alpha","Billing","Media",3,243,3,"success"
"PR-10675","Alpha","Billing","Media",3.11,488,1,"success"
"PR-10676","Beta","Core-API","Media",7,10,0,"success"
"PR-10677","Gamma","Auth-Service","Media",7.2,231,1,"success"
"PR-10678","Delta","Auth-Service","Alta",4.24,166,1,"success"
"PR-10679","Delta","Frontend-UI","Alta",4.68,181,2,"success"
"PR-10680","Gamma","Billing","Alta",3.01,139,1,"success"
"PR-10681","Delta","Auth-Service","Baja",45.5,715,4,"success"
"PR-10682","Gamma","Core-API","Baja",2.48,194,0,"success"
"PR-10683","Gamma","Database","Alta",26,503,2,"success"
"PR-10684","Beta","Frontend-UI","Media",37,281,0,"success"
"PR-10685","Delta","Database","Media",2,91,0,"success"
"PR-10686","Alpha","Core-API","Alta",4.88,279,0,"success"
"PR-10687","Gamma","Core-API","Crítica",6,512,0,"success"
"PR-10688","Beta","Frontend-UI","Baja",8,226,0,"success"
"PR-10689","Beta","Auth-Service","Baja",2,199,3,"success"
"PR-10690","Alpha","Billing","Media",52,674,0,"success"
"PR-10691","Alpha","Billing","Alta",5.37,19,0,"success"
"PR-10692","Gamma","Billing","Media",24,224,1,"success"
"PR-10693","Alpha","Database","Media",98,1143,2,"success"
"PR-10694","Alpha","Database","Baja",1.79,10,0,"success"
"PR-10695","Beta","Frontend-UI","Media",2,10,0,"success"
"PR-10696","Beta","Core-API","Media",26.2,499,0,"success"
"PR-10697","Gamma","Database","Baja",5,252,0,"success"
"PR-10698","Gamma","Database","Media",28,398,1,"success"
"PR-10699","Beta","Billing","Alta",14.01,154,0,"success"
"PR-10700","Alpha","Frontend-UI","Media",29.34,500,2,"failed"
"PR-10701","Beta","Database","Alta",3,185,2,"rolled_back"
"PR-10702","Gamma","Billing","Crítica",97,1231,5,"success"
"PR-10703","Delta","Database","Media",54,776,4,"success"
"PR-10704","Delta","Core-API","Baja",3,10,0,"success"
"PR-10705","Gamma","Billing","Media",2.93,99,1,"success"
"PR-10706","Beta","Billing","Media",45.23,661,7,"failed"
"PR-10707","Gamma","Database","Baja",10,265,0,"success"
"PR-10708","Alpha","Core-API","Media",24,471,1,"success"
"PR-10709","Gamma","Billing","Media",7.58,95,0,"failed"
"PR-10710","Beta","Core-API","Alta",2.36,86,1,"rolled_back"
"PR-10711","Gamma","Frontend-UI","Media",3.12,212,0,"success"
"PR-10712","Gamma","Frontend-UI","Media",2,31,0,"success"
"PR-10713","Beta","Auth-Service","Media",1.67,40,0,"success"
"PR-10714","Beta","Core-API","Media",1.48,10,0,"success"
"PR-10715","Delta","Database","Alta",93,929,4,"success"
"PR-10716","Delta","Auth-Service","Media",2,84,0,"success"
"PR-10717","Gamma","Auth-Service","Media",2.75,53,0,"success"
"PR-10718","Delta","Auth-Service","Alta",57,741,2,"failed"
"PR-10719","Alpha","Auth-Service","Media",5,99,0,"success"
"PR-10720","Beta","Frontend-UI","Alta",1.38,10,0,"success"
"PR-10721","Delta","Billing","Crítica",4.68,205,1,"success"
"PR-10722","Beta","Database","Media",6,43,1,"success"
"PR-10723","Gamma","Auth-Service","Media",6.99,243,1,"success"
"PR-10724","Beta","Billing","Alta",93,1295,8,"failed"
"PR-10725","Alpha","Database","Media",5.17,233,1,"success"
"PR-10726","Beta","Billing","Crítica",33.3,391,1,"success"
"PR-10727","Beta","Billing","Media",2,10,0,"failed"
"PR-10728","Beta","Billing","Media",27.18,273,1,"success"
"PR-10729","Gamma","Frontend-UI","Alta",28.45,358,2,"success"
"PR-10730","Alpha","Frontend-UI","Crítica",4.39,225,1,"success"
"PR-10731","Alpha","Billing","Media",5.25,66,0,"success"
"PR-10732","Delta","Auth-Service","Baja",7.78,74,0,"success"
"PR-10733","Alpha","Billing","Crítica",4,10,0,"success"
"PR-10734","Alpha","Auth-Service","Media",53.47,539,3,"failed"
"PR-10735","Delta","Frontend-UI","Alta",10,316,6,"failed"
"PR-10736","Alpha","Frontend-UI","Media",1,179,1,"success"
"PR-10737","Delta","Auth-Service","Crítica",4.47,10,1,"success"
"PR-10738","Beta","Billing","Media",3.27,198,1,"rolled_back"
"PR-10739","Gamma","Database","Baja",2,139,0,"success"
"PR-10740","Beta","Database","Alta",49.36,535,4,"success"
"PR-10741","Delta","Billing","Alta",1.9,218,0,"success"
"PR-10742","Gamma","Core-API","Media",1,68,1,"success"
"PR-10743","Delta","Auth-Service","Crítica",6,140,2,"success"
"PR-10744","Delta","Frontend-UI","Baja",46,782,7,"failed"
"PR-10745","Alpha","Database","Media",8.74,10,1,"failed"
"PR-10746","Alpha","Frontend-UI","Alta",259,3202,16,"failed"
"PR-10747","Beta","Billing","Media",8.67,206,1,"success"
"PR-10748","Gamma","Billing","Media",3,157,0,"success"
"PR-10749","Gamma","Billing","Media",43,466,0,"success"
"PR-10750","Delta","Billing","Media",6.63,165,0,"success"
"PR-10751","Alpha","Billing","Media",70.54,787,4,"success"
"PR-10752","Beta","Auth-Service","Media",69,869,9,"rolled_back"
"PR-10753","Delta","Auth-Service","Media",48.64,649,3,"success"
"PR-10754","Delta","Frontend-UI","Baja",7.87,75,0,"success"
"PR-10755","Gamma","Core-API","Baja",42,659,0,"success"
"PR-10756","Delta","Database","Baja",2,173,3,"failed"
"PR-10757","Alpha","Auth-Service","Media",43.93,636,1,"success"
"PR-10758","Gamma","Frontend-UI","Media",4,154,0,"success"
"PR-10759","Beta","Billing","Media",55,823,5,"success"
"PR-10760","Delta","Frontend-UI","Media",7.18,10,0,"success"
"PR-10761","Beta","Database","Media",2,111,2,"success"
"PR-10762","Beta","Database","Alta",37.67,554,2,"success"
"PR-10763","Beta","Billing","Alta",1,71,0,"success"
"PR-10764","Delta","Auth-Service","Alta",40.12,641,0,"success"
"PR-10765","Alpha","Database","Baja",1,231,0,"success"
"PR-10766","Gamma","Billing","Media",4.77,10,0,"success"
"PR-10767","Delta","Billing","Media",47,368,2,"success"
"PR-10768","Gamma","Frontend-UI","Media",48,720,3,"failed"
"PR-10769","Alpha","Database","Media",7,87,0,"success"
"PR-10770","Beta","Auth-Service","Alta",7.34,48,1,"success"
"PR-10771","Beta","Auth-Service","Media",0.89,252,1,"success"
"PR-10772","Delta","Database","Alta",37,615,2,"success"
"PR-10773","Gamma","Auth-Service","Baja",3.65,84,1,"success"
"PR-10774","Gamma","Database","Media",2.12,114,1,"success"
"PR-10775","Beta","Frontend-UI","Media",50.84,742,2,"success"
"PR-10776","Beta","Auth-Service","Crítica",43.8,481,2,"failed"
"PR-10777","Alpha","Core-API","Crítica",2,384,2,"failed"
"PR-10778","Delta","Billing","Alta",275,3260,15,"failed"
"PR-10779","Alpha","Auth-Service","Alta",46.3,434,0,"success"
"PR-10780","Alpha","Billing","Media",40.59,505,2,"success"
"PR-10781","Delta","Core-API","Media",22.75,303,2,"rolled_back"
"PR-10782","Alpha","Billing","Media",75,983,4,"rolled_back"
"PR-10783","Beta","Auth-Service","Media",144,1724,6,"failed"
"PR-10784","Delta","Frontend-UI","Alta",50,678,3,"success"
"PR-10785","Alpha","Database","Alta",75,988,4,"failed"
"PR-10786","Gamma","Frontend-UI","Crítica",82.63,1314,8,"rolled_back"
"PR-10787","Beta","Billing","Baja",9,155,1,"success"
"PR-10788","Alpha","Auth-Service","Media",11.82,294,2,"success"
"PR-10789","Beta","Auth-Service","Media",43.85,354,0,"success"
"PR-10790","Delta","Core-API","Alta",141,1827,4,"success"
"PR-10791","Alpha","Billing","Alta",38,305,2,"success"
"PR-10792","Delta","Database","Baja",4,271,1,"success"
"PR-10793","Alpha","Database","Alta",7.66,156,0,"failed"
"PR-10794","Delta","Frontend-UI","Media",1.39,12,0,"success"
"PR-10795","Alpha","Core-API","Media",291.25,3651,17,"success"
"PR-10796","Gamma","Auth-Service","Media",3.87,40,0,"success"
"PR-10797","Beta","Billing","Alta",2,180,1,"success"
"PR-10798","Gamma","Auth-Service","Crítica",2.2,69,0,"success"
"PR-10799","Alpha","Core-API","Media",2.97,261,0,"success"
"PR-10800","Alpha","Frontend-UI","Baja",67,815,3,"failed"
"PR-10801","Gamma","Database","Alta",5,30,0,"success"
"PR-10802","Beta","Core-API","Media",88,1186,4,"success"
"PR-10803","Alpha","Auth-Service","Baja",62.07,681,1,"success"
"PR-10804","Gamma","Frontend-UI","Alta",85.66,1036,6,"rolled_back"
"PR-10805","Delta","Billing","Media",1.59,68,1,"success"
"PR-10806","Beta","Core-API","Crítica",40.68,621,2,"success"
"PR-10807","Beta","Auth-Service","Crítica",57,876,3,"success"
"PR-10808","Alpha","Auth-Service","Media",3,85,0,"success"
"PR-10809","Alpha","Auth-Service","Media",13,137,1,"success"
"PR-10810","Beta","Core-API","Alta",225.3,2792,7,"failed"
"PR-10811","Delta","Auth-Service","Media",4.16,45,1,"success"
"PR-10812","Gamma","Auth-Service","Crítica",2,10,0,"success"
"PR-10813","Gamma","Core-API","Crítica",11,168,2,"success"
"PR-10814","Gamma","Database","Media",43,645,2,"failed"
"PR-10815","Alpha","Auth-Service","Media",40,481,2,"success"
"PR-10816","Alpha","Frontend-UI","Media",50.01,671,1,"success"
"PR-10817","Delta","Auth-Service","Crítica",5,13,0,"success"
"PR-10818","Gamma","Auth-Service","Media",41.37,689,3,"success"
"PR-10819","Delta","Auth-Service","Media",3.22,10,0,"success"
"PR-10820","Gamma","Auth-Service","Media",3,63,0,"success"
"PR-10821","Gamma","Frontend-UI","Alta",5.11,237,1,"success"
"PR-10822","Gamma","Database","Media",6.41,246,2,"failed"
"PR-10823","Gamma","Core-API","Media",72,1052,3,"success"
"PR-10824","Alpha","Core-API","Media",6.6,207,0,"success"
"PR-10825","Delta","Frontend-UI","Media",5,10,0,"success"
"PR-10826","Gamma","Database","Media",72,741,2,"success"
"PR-10827","Beta","Auth-Service","Baja",24,550,8,"success"
"PR-10828","Gamma","Core-API","Baja",58.47,898,3,"failed"
"PR-10829","Alpha","Frontend-UI","Media",7.46,132,0,"success"
"PR-10830","Gamma","Database","Alta",1.88,51,0,"success"
"PR-10831","Delta","Auth-Service","Alta",4,105,1,"success"
"PR-10832","Gamma","Auth-Service","Alta",5,43,0,"success"
"PR-10833","Alpha","Frontend-UI","Baja",1.64,82,1,"success"
"PR-10834","Beta","Database","Alta",6.27,89,1,"success"
"PR-10835","Beta","Frontend-UI","Alta",59.39,730,4,"success"
"PR-10836","Beta","Database","Crítica",4.19,21,0,"success"
"PR-10837","Gamma","Core-API","Baja",34.15,452,2,"success"
"PR-10838","Delta","Core-API","Media",3.03,10,0,"success"
"PR-10839","Beta","Frontend-UI","Crítica",59.91,932,5,"success"
"PR-10840","Delta","Database","Media",2.29,24,0,"success"
"PR-10841","Delta","Database","Baja",23,327,3,"success"
"PR-10842","Alpha","Core-API","Baja",51,779,3,"success"
"PR-10843","Alpha","Core-API","Media",3,44,0,"success"
"PR-10844","Beta","Billing","Media",7.27,40,1,"success"
"PR-10845","Delta","Frontend-UI","Media",2.46,40,0,"success"
"PR-10846","Alpha","Database","Alta",18,382,2,"failed"
"PR-10847","Alpha","Database","Media",43.22,562,3,"success"
"PR-10848","Alpha","Auth-Service","Alta",11.33,226,3,"success"
"PR-10849","Alpha","Frontend-UI","Crítica",9.89,250,2,"rolled_back"
"PR-10850","Beta","Frontend-UI","Baja",3.41,12,0,"success"
"PR-10851","Gamma","Frontend-UI","Alta",6.22,51,0,"success"
"PR-10852","Alpha","Billing","Baja",3,163,1,"rolled_back"
"PR-10853","Gamma","Core-API","Alta",3.04,226,0,"success"
"PR-10854","Beta","Frontend-UI","Media",1,90,0,"success"
"PR-10855","Beta","Database","Crítica",2.57,10,0,"success"
"PR-10856","Beta","Auth-Service","Media",1,10,0,"success"
"PR-10857","Delta","Frontend-UI","Alta",26,341,2,"success"
"PR-10858","Gamma","Auth-Service","Media",63.11,726,2,"failed"
"PR-10859","Delta","Billing","Media",37,467,2,"success"
"PR-10860","Beta","Database","Media",39,358,1,"success"
"PR-10861","Beta","Auth-Service","Media",2,10,0,"success"
"PR-10862","Gamma","Database","Alta",0.66,110,0,"success"
"PR-10863","Alpha","Core-API","Media",6,10,0,"success"
"PR-10864","Beta","Billing","Alta",17,112,0,"success"
"PR-10865","Alpha","Database","Alta",108,1270,5,"success"
"PR-10866","Gamma","Core-API","Baja",2,161,0,"success"
"PR-10867","Delta","Frontend-UI","Media",1,10,0,"success"
"PR-10868","Delta","Auth-Service","Alta",33,487,1,"rolled_back"
"PR-10869","Alpha","Core-API","Baja",2.39,10,0,"success"
"PR-10870","Delta","Billing","Media",1.97,127,1,"success"
"PR-10871","Gamma","Frontend-UI","Media",2.32,17,0,"success"
"PR-10872","Delta","Frontend-UI","Crítica",2,94,0,"failed"
"PR-10873","Gamma","Billing","Media",3.2,152,0,"success"
"PR-10874","Alpha","Core-API","Media",48,671,2,"success"
"PR-10875","Beta","Frontend-UI","Media",44,642,2,"rolled_back"
"PR-10876","Alpha","Auth-Service","Alta",257.18,3287,17,"failed"
"PR-10877","Gamma","Core-API","Baja",3.13,102,0,"success"
"PR-10878","Alpha","Core-API","Media",56.57,672,4,"success"
"PR-10879","Beta","Frontend-UI","Media",10.9,158,2,"success"
"PR-10880","Beta","Billing","Media",2,163,2,"success"
"PR-10881","Alpha","Core-API","Media",2,10,0,"success"
"PR-10882","Beta","Database","Crítica",8.26,243,1,"success"
"PR-10883","Gamma","Billing","Baja",42,466,4,"success"
"PR-10884","Beta","Frontend-UI","Alta",1.41,332,1,"success"
"PR-10885","Delta","Database","Baja",4,45,0,"success"
"PR-10886","Delta","Core-API","Media",2.82,366,1,"success"
"PR-10887","Alpha","Core-API","Media",55,652,2,"rolled_back"
"PR-10888","Gamma","Billing","Crítica",3,10,0,"success"
"PR-10889","Delta","Auth-Service","Alta",6,10,0,"success"
"PR-10890","Alpha","Billing","Media",1,40,0,"success"
"PR-10891","Delta","Auth-Service","Crítica",24,313,2,"success"
"PR-10892","Gamma","Auth-Service","Media",47.02,612,0,"success"
"PR-10893","Alpha","Core-API","Media",4,107,0,"success"
"PR-10894","Alpha","Billing","Alta",5.56,10,0,"success"
"PR-10895","Alpha","Frontend-UI","Baja",82,1177,8,"failed"
"PR-10896","Gamma","Frontend-UI","Baja",5.06,84,0,"success"
"PR-10897","Gamma","Billing","Baja",59,779,2,"success"
"PR-10898","Gamma","Database","Alta",3.46,10,0,"success"
"PR-10899","Delta","Core-API","Media",43,518,2,"rolled_back"
"PR-10900","Gamma","Billing","Crítica",1,28,1,"success"
"PR-10901","Gamma","Billing","Media",6,10,0,"success"
"PR-10902","Delta","Billing","Media",28,387,3,"failed"
"PR-10903","Delta","Database","Alta",3,10,0,"success"
"PR-10904","Delta","Core-API","Alta",51,822,4,"failed"
"PR-10905","Beta","Database","Media",51.57,602,3,"success"
"PR-10906","Delta","Frontend-UI","Media",5.2,109,0,"success"
"PR-10907","Alpha","Database","Media",0.93,215,0,"success"
"PR-10908","Alpha","Database","Media",57.12,639,2,"success"
"PR-10909","Delta","Database","Alta",81,1048,11,"success"
"PR-10910","Delta","Auth-Service","Alta",54,660,3,"failed"
"PR-10911","Alpha","Billing","Baja",35,464,0,"success"
"PR-10912","Beta","Billing","Alta",38,337,2,"rolled_back"
"PR-10913","Gamma","Billing","Alta",6.92,201,0,"success"
"PR-10914","Gamma","Core-API","Alta",34,411,1,"success"
"PR-10915","Beta","Auth-Service","Media",4,10,0,"success"
"PR-10916","Alpha","Auth-Service","Alta",26.31,163,0,"success"
"PR-10917","Delta","Database","Media",3,37,0,"success"
"PR-10918","Alpha","Core-API","Media",91.98,1085,4,"success"
"PR-10919","Beta","Core-API","Media",57,802,3,"success"
"PR-10920","Alpha","Core-API","Alta",5,10,0,"success"
"PR-10921","Gamma","Billing","Media",66.84,1052,4,"failed"
"PR-10922","Alpha","Billing","Media",11.44,146,0,"success"
"PR-10923","Beta","Core-API","Baja",7.52,360,2,"failed"
"PR-10924","Alpha","Database","Media",43,432,0,"success"
"PR-10925","Alpha","Frontend-UI","Media",2.19,10,1,"success"
"PR-10926","Alpha","Database","Media",5.75,268,1,"success"
"PR-10927","Alpha","Auth-Service","Baja",2.67,33,0,"failed"
"PR-10928","Delta","Core-API","Media",56,529,1,"success"
"PR-10929","Beta","Core-API","Media",2.5,10,0,"success"
"PR-10930","Gamma","Billing","Alta",2,220,1,"success"
"PR-10931","Delta","Auth-Service","Alta",0.93,87,1,"success"
"PR-10932","Beta","Frontend-UI","Crítica",29,456,4,"failed"
"PR-10933","Alpha","Billing","Media",4.36,10,0,"success"
"PR-10934","Beta","Auth-Service","Media",1.79,10,0,"success"
"PR-10935","Delta","Auth-Service","Media",39,760,3,"success"
"PR-10936","Alpha","Auth-Service","Alta",5,231,0,"success"
"PR-10937","Delta","Frontend-UI","Media",3,322,2,"success"
"PR-10938","Beta","Frontend-UI","Media",33.61,490,2,"failed"
"PR-10939","Beta","Frontend-UI","Media",19.69,90,0,"success"
"PR-10940","Alpha","Frontend-UI","Alta",63,829,3,"success"
"PR-10941","Alpha","Auth-Service","Media",4,10,0,"success"
"PR-10942","Delta","Billing","Media",69.08,732,3,"success"
"PR-10943","Alpha","Billing","Media",3.82,170,0,"success"
"PR-10944","Alpha","Core-API","Baja",2.09,446,4,"success"
"PR-10945","Alpha","Core-API","Alta",3.82,10,0,"success"
"PR-10946","Alpha","Database","Crítica",8,253,1,"failed"
"PR-10947","Gamma","Frontend-UI","Media",8.46,157,1,"success"
"PR-10948","Gamma","Auth-Service","Alta",5,179,1,"success"
"PR-10949","Gamma","Core-API","Alta",36.44,392,3,"success"
"PR-10950","Beta","Database","Media",1,10,0,"success"
"PR-10951","Delta","Billing","Media",0,25,0,"rolled_back"
"PR-10952","Alpha","Frontend-UI","Media",6,133,0,"success"
"PR-10953","Alpha","Billing","Baja",4,39,0,"success"
"PR-10954","Gamma","Database","Media",7.41,10,0,"success"
"PR-10955","Delta","Billing","Media",4.63,10,0,"success"
"PR-10956","Alpha","Billing","Crítica",47.77,692,3,"failed"
"PR-10957","Delta","Database","Alta",43,560,4,"success"
"PR-10958","Beta","Billing","Alta",2,227,1,"success"
"PR-10959","Delta","Frontend-UI","Media",36,546,2,"success"
"PR-10960","Beta","Database","Alta",51.99,382,0,"rolled_back"
"PR-10961","Alpha","Core-API","Baja",2,10,0,"success"
"PR-10962","Beta","Billing","Media",36.1,786,4,"rolled_back"
"PR-10963","Gamma","Billing","Alta",2,10,0,"success"
"PR-10964","Beta","Billing","Media",4,41,0,"success"
"PR-10965","Gamma","Core-API","Media",4.81,47,1,"success"
"PR-10966","Alpha","Database","Baja",3.03,10,0,"success"
"PR-10967","Alpha","Core-API","Alta",11,253,1,"success"
"PR-10968","Delta","Database","Media",48,590,2,"failed"
"PR-10969","Beta","Database","Alta",137,1761,10,"success"
"PR-10970","Alpha","Frontend-UI","Media",50.65,564,3,"failed"
"PR-10971","Gamma","Billing","Media",48,430,1,"success"
"PR-10972","Delta","Billing","Crítica",40.21,513,2,"success"
"PR-10973","Beta","Core-API","Media",2,10,0,"success"
"PR-10974","Delta","Database","Media",1,10,0,"success"
"PR-10975","Beta","Core-API","Alta",150.95,2033,6,"success"
"PR-10976","Gamma","Billing","Media",6.15,107,0,"success"
"PR-10977","Delta","Core-API","Baja",24,584,0,"success"
"PR-10978","Gamma","Frontend-UI","Alta",2.86,96,1,"success"
"PR-10979","Alpha","Frontend-UI","Alta",82.33,890,0,"success"
"PR-10980","Delta","Auth-Service","Alta",4.32,105,0,"success"
"PR-10981","Gamma","Database","Media",61,619,3,"rolled_back"
"PR-10982","Gamma","Billing","Crítica",6,134,1,"rolled_back"
"PR-10983","Delta","Frontend-UI","Media",35.23,481,3,"failed"
"PR-10984","Alpha","Core-API","Crítica",6,121,0,"success"
"PR-10985","Alpha","Billing","Media",46,666,3,"success"
"PR-10986","Delta","Auth-Service","Media",1.9,10,0,"success"
"PR-10987","Gamma","Frontend-UI","Crítica",24,93,0,"success"
"PR-10988","Alpha","Database","Media",2,10,0,"success"
"PR-10989","Gamma","Frontend-UI","Media",7,241,2,"success"
"PR-10990","Gamma","Auth-Service","Media",50.82,468,0,"success"
"PR-10991","Alpha","Billing","Media",1.3,10,0,"success"
"PR-10992","Delta","Billing","Baja",45.8,627,1,"success"
"PR-10993","Delta","Database","Baja",2,145,0,"success"
"PR-10994","Beta","Auth-Service","Media",2.85,55,0,"success"
"PR-10995","Alpha","Billing","Baja",78.05,963,7,"failed"
"PR-10996","Delta","Frontend-UI","Baja",1,197,1,"failed"
"PR-10997","Gamma","Billing","Media",6,262,1,"success"
"PR-10998","Gamma","Database","Alta",29,493,1,"success"
"PR-10999","Beta","Frontend-UI","Alta",20,263,0,"success"
"PR-11000","Alpha","Core-API","Baja",3.27,246,0,"success"
"PR-11001","Gamma","Core-API","Media",85,1178,10,"success"
"PR-11002","Gamma","Billing","Crítica",2,164,0,"success"
"PR-11003","Gamma","Auth-Service","Media",1.51,57,0,"success"
"PR-11004","Beta","Frontend-UI","Crítica",73.48,958,1,"success"
"PR-11005","Beta","Auth-Service","Baja",233.42,2899,9,"rolled_back"
"PR-11006","Alpha","Auth-Service","Baja",4,10,0,"success"
"PR-11007","Alpha","Core-API","Media",204.84,2524,9,"success"
"PR-11008","Alpha","Billing","Alta",3.13,20,0,"success"
"PR-11009","Delta","Billing","Media",4.47,10,0,"success"
"PR-11010","Beta","Frontend-UI","Alta",30.7,515,3,"failed"
"PR-11011","Beta","Database","Alta",1.68,104,2,"success"
"PR-11012","Beta","Auth-Service","Baja",5.71,10,0,"success"
"PR-11013","Alpha","Core-API","Baja",43.55,423,2,"failed"
"PR-11014","Alpha","Frontend-UI","Alta",35,454,7,"success"
"PR-11015","Delta","Frontend-UI","Crítica",26.81,250,3,"failed"
"PR-11016","Beta","Frontend-UI","Alta",50,559,2,"success"
"PR-11017","Beta","Billing","Baja",2,191,0,"success"
"PR-11018","Delta","Core-API","Crítica",5.55,322,2,"rolled_back"
"PR-11019","Alpha","Auth-Service","Media",77.19,800,0,"success"
"PR-11020","Gamma","Frontend-UI","Media",3.66,10,1,"success"
"PR-11021","Beta","Database","Baja",1,10,1,"success"
"PR-11022","Gamma","Auth-Service","Alta",5,58,0,"success"
"PR-11023","Alpha","Core-API","Alta",292.62,3614,14,"success"
"PR-11024","Gamma","Billing","Alta",52,655,2,"failed"
"PR-11025","Beta","Frontend-UI","Baja",41.27,770,7,"success"
"PR-11026","Delta","Billing","Media",36.56,466,4,"success"
"PR-11027","Gamma","Auth-Service","Alta",22,312,3,"success"
"PR-11028","Gamma","Billing","Baja",1.67,178,0,"success"
"PR-11029","Beta","Core-API","Media",36,569,4,"failed"
"PR-11030","Gamma","Auth-Service","Baja",50.81,640,4,"failed"
"PR-11031","Beta","Auth-Service","Media",3.42,147,1,"success"
"PR-11032","Beta","Database","Crítica",7.32,299,1,"success"
"PR-11033","Beta","Auth-Service","Baja",5,376,0,"success"
"PR-11034","Beta","Core-API","Media",10,75,0,"success"
"PR-11035","Beta","Database","Baja",3,60,0,"success"
"PR-11036","Alpha","Frontend-UI","Baja",6.26,226,1,"success"
"PR-11037","Delta","Database","Media",50,823,4,"failed"
"PR-11038","Gamma","Core-API","Baja",4,126,0,"success"
"PR-11039","Delta","Auth-Service","Media",49,596,3,"failed"
"PR-11040","Alpha","Auth-Service","Media",15.08,469,0,"success"
"PR-11041","Beta","Core-API","Media",72,957,2,"success"
"PR-11042","Alpha","Auth-Service","Media",2.68,244,0,"success"
"PR-11043","Delta","Frontend-UI","Crítica",9,172,0,"success"
"PR-11044","Alpha","Core-API","Media",74.26,857,2,"rolled_back"
"PR-11045","Beta","Auth-Service","Media",70.54,1094,5,"failed"
"PR-11046","Alpha","Database","Crítica",5.08,10,0,"success"
"PR-11047","Gamma","Database","Media",1,178,3,"failed"
"PR-11048","Alpha","Database","Media",2,10,0,"success"
"PR-11049","Alpha","Billing","Alta",4.48,10,0,"success"
"PR-11050","Beta","Core-API","Media",37.96,302,2,"success"
"PR-11051","Gamma","Database","Media",25.28,423,2,"success"
"PR-11052","Beta","Database","Alta",2.89,88,0,"success"
"PR-11053","Gamma","Core-API","Media",4,112,0,"success"
"PR-11054","Delta","Auth-Service","Media",3,79,0,"success"
"PR-11055","Delta","Core-API","Alta",1.22,55,1,"success"
"PR-11056","Gamma","Billing","Media",0.46,171,2,"rolled_back"
"PR-11057","Beta","Database","Media",4.29,281,1,"success"
"PR-11058","Beta","Core-API","Media",3.82,10,1,"success"
"PR-11059","Gamma","Core-API","Alta",7.39,177,1,"success"
"PR-11060","Beta","Database","Media",0.71,10,1,"success"
"PR-11061","Beta","Frontend-UI","Alta",6,242,1,"failed"
"PR-11062","Alpha","Database","Media",55.03,458,3,"success"
"PR-11063","Delta","Core-API","Alta",1.9,63,0,"success"
"PR-11064","Alpha","Auth-Service","Media",76,706,2,"rolled_back"
"PR-11065","Gamma","Auth-Service","Media",74,1028,6,"failed"
"PR-11066","Alpha","Billing","Media",89.84,1231,5,"success"
"PR-11067","Gamma","Auth-Service","Media",36.37,597,1,"failed"
"PR-11068","Beta","Core-API","Crítica",7.18,205,0,"success"
"PR-11069","Alpha","Auth-Service","Baja",2.21,59,0,"success"
"PR-11070","Delta","Frontend-UI","Media",269,3344,11,"success"
"PR-11071","Beta","Core-API","Media",31,508,2,"rolled_back"
"PR-11072","Gamma","Frontend-UI","Media",39.07,702,1,"success"
"PR-11073","Beta","Frontend-UI","Baja",37.91,397,1,"success"
"PR-11074","Delta","Auth-Service","Baja",2.52,96,0,"success"
"PR-11075","Gamma","Core-API","Media",5.62,10,0,"success"
"PR-11076","Alpha","Auth-Service","Crítica",12.88,251,0,"success"
"PR-11077","Beta","Frontend-UI","Media",3,136,1,"success"
"PR-11078","Beta","Database","Crítica",103.03,1284,1,"success"
"PR-11079","Alpha","Auth-Service","Baja",24,319,0,"success"
"PR-11080","Gamma","Billing","Media",3,244,0,"success"
"PR-11081","Alpha","Core-API","Alta",8.9,195,1,"failed"
"PR-11082","Delta","Core-API","Baja",42.34,450,3,"rolled_back"
"PR-11083","Alpha","Auth-Service","Media",3.85,242,0,"success"
"PR-11084","Beta","Billing","Alta",1.97,10,0,"success"
"PR-11085","Alpha","Core-API","Alta",32,771,3,"failed"
"PR-11086","Alpha","Database","Crítica",50.92,718,1,"success"
"PR-11087","Alpha","Database","Alta",5.21,264,1,"success"
"PR-11088","Gamma","Frontend-UI","Media",32,317,1,"success"
"PR-11089","Alpha","Core-API","Media",42.44,716,4,"success"
"PR-11090","Gamma","Auth-Service","Alta",227,2800,17,"failed"
"PR-11091","Alpha","Frontend-UI","Baja",2,245,2,"failed"
"PR-11092","Beta","Auth-Service","Media",30.41,513,2,"success"
"PR-11093","Gamma","Billing","Media",5.84,179,0,"success"
"PR-11094","Gamma","Auth-Service","Media",67,780,5,"failed"
"PR-11095","Beta","Auth-Service","Alta",3,10,0,"success"
"PR-11096","Delta","Database","Alta",42.02,468,2,"rolled_back"
"PR-11097","Beta","Auth-Service","Media",47.58,700,1,"success"
"PR-11098","Alpha","Billing","Media",31,438,2,"failed"
"PR-11099","Beta","Database","Alta",48,825,1,"success"
"PR-11100","Gamma","Auth-Service","Baja",9,22,0,"success"
"PR-11101","Alpha","Database","Media",3.69,257,2,"success"
"PR-11102","Beta","Database","Media",50.61,443,1,"success"
"PR-11103","Delta","Frontend-UI","Baja",11.88,221,1,"success"
"PR-11104","Beta","Billing","Alta",5.94,281,3,"success"
"PR-11105","Gamma","Billing","Alta",13,35,0,"success"
"PR-11106","Beta","Frontend-UI","Baja",9,10,1,"rolled_back"
"PR-11107","Beta","Billing","Media",30,485,0,"success"
"PR-11108","Alpha","Frontend-UI","Media",3.56,44,0,"success"
"PR-11109","Delta","Billing","Media",5,56,1,"success"
"PR-11110","Alpha","Database","Media",82,1079,2,"rolled_back"
"PR-11111","Alpha","Auth-Service","Baja",1,111,0,"success"
"PR-11112","Alpha","Frontend-UI","Baja",62,771,3,"failed"
"PR-11113","Delta","Auth-Service","Media",62,681,1,"success"
"PR-11114","Gamma","Billing","Alta",3.63,192,1,"success"
"PR-11115","Beta","Database","Media",253.13,2949,15,"success"
"PR-11116","Beta","Core-API","Baja",25,307,2,"success"
"PR-11117","Beta","Frontend-UI","Baja",72,1076,7,"failed"
"PR-11118","Delta","Frontend-UI","Alta",55.46,763,2,"success"
"PR-11119","Alpha","Core-API","Alta",31,390,1,"success"
"PR-11120","Alpha","Auth-Service","Baja",68.03,924,6,"rolled_back"
"PR-11121","Delta","Billing","Alta",24.13,413,2,"failed"
"PR-11122","Delta","Database","Alta",27.17,198,1,"success"
"PR-11123","Gamma","Billing","Baja",4,58,0,"success"
"PR-11124","Alpha","Billing","Baja",1,205,1,"success"
"PR-11125","Delta","Auth-Service","Baja",122,1513,8,"failed"
"PR-11126","Delta","Database","Alta",4,81,0,"success"
"PR-11127","Alpha","Frontend-UI","Baja",2,245,0,"success"
"PR-11128","Beta","Database","Baja",153.7,1818,6,"failed"
"PR-11129","Delta","Frontend-UI","Crítica",3,172,1,"success"
"PR-11130","Beta","Frontend-UI","Media",40.19,606,2,"success"
"PR-11131","Delta","Database","Baja",40,719,4,"failed"
"PR-11132","Delta","Auth-Service","Media",4,125,1,"success"
"PR-11133","Beta","Billing","Media",4,52,0,"success"
"PR-11134","Gamma","Billing","Baja",2.13,204,0,"success"
"PR-11135","Delta","Core-API","Media",6.24,32,0,"success"
"PR-11136","Beta","Frontend-UI","Alta",3.5,201,0,"success"
"PR-11137","Gamma","Frontend-UI","Media",27.78,619,2,"success"
"PR-11138","Alpha","Database","Media",2.73,57,0,"success"
"PR-11139","Beta","Core-API","Baja",37.5,694,3,"success"
"PR-11140","Beta","Core-API","Baja",175.09,2115,8,"success"
"PR-11141","Alpha","Billing","Crítica",36.62,515,3,"failed"
"PR-11142","Gamma","Auth-Service","Baja",4.43,10,0,"success"
"PR-11143","Gamma","Database","Media",30.65,370,0,"success"
"PR-11144","Delta","Frontend-UI","Media",3.38,292,1,"success"
"PR-11145","Alpha","Database","Media",49,736,3,"rolled_back"
"PR-11146","Gamma","Database","Media",1,14,0,"success"
"PR-11147","Gamma","Database","Alta",1.02,62,0,"success"
"PR-11148","Gamma","Frontend-UI","Crítica",4.39,19,1,"success"
"PR-11149","Delta","Database","Alta",3.66,10,0,"success"
"PR-11150","Beta","Database","Crítica",182.59,2045,9,"success"
"PR-11151","Alpha","Frontend-UI","Media",77,927,2,"success"
"PR-11152","Gamma","Frontend-UI","Alta",24,393,1,"success"
"PR-11153","Alpha","Auth-Service","Alta",7,57,1,"success"
"PR-11154","Gamma","Database","Alta",1.48,16,0,"success"
"PR-11155","Delta","Core-API","Alta",159.23,1948,8,"success"
"PR-11156","Beta","Auth-Service","Media",6.79,10,0,"success"
"PR-11157","Gamma","Database","Media",48,802,5,"rolled_back"
"PR-11158","Delta","Database","Alta",30.72,272,1,"success"
"PR-11159","Delta","Core-API","Alta",2,123,1,"success"
"PR-11160","Delta","Frontend-UI","Media",8,38,0,"success"
"PR-11161","Delta","Billing","Baja",44.13,433,2,"success"
"PR-11162","Alpha","Auth-Service","Baja",36,548,2,"success"
"PR-11163","Gamma","Billing","Alta",57.75,548,1,"success"
"PR-11164","Beta","Database","Media",2.92,29,0,"success"
"PR-11165","Gamma","Core-API","Alta",3,95,0,"success"
"PR-11166","Alpha","Database","Baja",1.56,134,2,"failed"
"PR-11167","Beta","Core-API","Media",7.76,10,0,"success"
"PR-11168","Beta","Database","Crítica",9.09,194,1,"success"
"PR-11169","Beta","Auth-Service","Media",0.91,28,0,"success"
"PR-11170","Gamma","Core-API","Media",90.58,1099,3,"success"
"PR-11171","Alpha","Frontend-UI","Media",87,1181,7,"rolled_back"
"PR-11172","Delta","Billing","Media",117,1503,4,"success"
"PR-11173","Gamma","Billing","Alta",249,2957,12,"success"
"PR-11174","Beta","Frontend-UI","Alta",23.06,339,1,"success"
"PR-11175","Alpha","Frontend-UI","Media",1,10,0,"success"
"PR-11176","Beta","Auth-Service","Media",6,10,0,"success"
"PR-11177","Alpha","Database","Alta",53,577,5,"rolled_back"
"PR-11178","Gamma","Billing","Media",4.32,88,1,"success"
"PR-11179","Gamma","Billing","Baja",2.28,350,3,"success"
"PR-11180","Gamma","Database","Crítica",1,109,0,"success"
"PR-11181","Gamma","Frontend-UI","Alta",48,695,2,"success"
"PR-11182","Delta","Core-API","Media",2.95,10,0,"success"
"PR-11183","Delta","Core-API","Media",34.31,423,1,"success"
"PR-11184","Gamma","Core-API","Alta",7.28,189,0,"success"
"PR-11185","Delta","Frontend-UI","Crítica",9.17,21,1,"success"
"PR-11186","Alpha","Frontend-UI","Media",6,67,0,"success"
"PR-11187","Delta","Core-API","Baja",49,529,2,"success"
"PR-11188","Delta","Database","Media",54,623,7,"success"
"PR-11189","Alpha","Auth-Service","Baja",31.95,574,4,"rolled_back"
"PR-11190","Gamma","Billing","Media",2.93,37,0,"success"
"PR-11191","Gamma","Frontend-UI","Media",8,135,0,"success"
"PR-11192","Gamma","Billing","Baja",4.03,160,0,"success"
"PR-11193","Beta","Database","Alta",24,358,2,"success"
"PR-11194","Beta","Frontend-UI","Alta",2,15,0,"success"
"PR-11195","Delta","Database","Crítica",5.31,128,0,"success"
"PR-11196","Alpha","Auth-Service","Alta",3,10,0,"success"
"PR-11197","Beta","Frontend-UI","Media",66,879,1,"success"
"PR-11198","Delta","Database","Media",1,37,0,"success"
"PR-11199","Alpha","Frontend-UI","Media",9.59,236,1,"success"
"PR-11200","Gamma","Auth-Service","Media",2,101,0,"success"
"PR-11201","Beta","Frontend-UI","Baja",67,727,3,"failed"
"PR-11202","Beta","Frontend-UI","Media",4.58,91,0,"success"
"PR-11203","Beta","Core-API","Media",38.93,466,2,"success"
"PR-11204","Gamma","Billing","Media",1.49,122,0,"success"
"PR-11205","Beta","Auth-Service","Media",205.42,2649,8,"success"
"PR-11206","Gamma","Database","Baja",67.33,906,4,"success"
"PR-11207","Gamma","Frontend-UI","Media",41.91,660,2,"success"
"PR-11208","Gamma","Billing","Media",6,10,0,"success"
"PR-11209","Delta","Core-API","Media",4.49,95,0,"success"
"PR-11210","Delta","Frontend-UI","Alta",2,10,0,"success"
"PR-11211","Alpha","Frontend-UI","Media",54.72,632,2,"success"
"PR-11212","Alpha","Frontend-UI","Media",5.82,125,0,"failed"
"PR-11213","Gamma","Core-API","Media",46,644,2,"success"
"PR-11214","Gamma","Auth-Service","Media",4.86,10,0,"success"
"PR-11215","Beta","Billing","Alta",48.3,665,2,"failed"
"PR-11216","Gamma","Frontend-UI","Media",4.25,67,0,"success"
"PR-11217","Beta","Auth-Service","Media",3.35,26,0,"success"
"PR-11218","Alpha","Billing","Media",96.74,1228,8,"failed"
"PR-11219","Beta","Auth-Service","Media",37,312,0,"success"
"PR-11220","Beta","Core-API","Baja",39,455,1,"success"
"PR-11221","Gamma","Auth-Service","Media",4.87,215,1,"success"
"PR-11222","Beta","Frontend-UI","Alta",42.89,520,2,"rolled_back"
"PR-11223","Beta","Auth-Service","Alta",0.24,160,0,"success"
"PR-11224","Delta","Database","Media",35,463,2,"failed"
"PR-11225","Gamma","Billing","Media",4.27,10,1,"success"
"PR-11226","Delta","Database","Baja",51.35,745,3,"failed"
"PR-11227","Delta","Frontend-UI","Media",3,228,0,"success"
"PR-11228","Beta","Auth-Service","Crítica",32.44,458,1,"success"
"PR-11229","Gamma","Billing","Alta",19,407,4,"failed"
"PR-11230","Gamma","Billing","Media",73.44,881,1,"success"
"PR-11231","Beta","Frontend-UI","Media",2.89,245,3,"failed"
"PR-11232","Beta","Billing","Alta",72,799,4,"success"
"PR-11233","Alpha","Frontend-UI","Media",58.82,768,2,"failed"
"PR-11234","Beta","Database","Media",4,232,2,"success"
"PR-11235","Beta","Core-API","Media",36.97,568,0,"success"
"PR-11236","Alpha","Database","Media",5,10,0,"success"
"PR-11237","Alpha","Core-API","Media",4,176,0,"success"
"PR-11238","Beta","Billing","Baja",47,473,3,"success"
"PR-11239","Gamma","Frontend-UI","Baja",0.47,106,1,"success"
"PR-11240","Alpha","Auth-Service","Media",24,391,0,"success"
"PR-11241","Alpha","Auth-Service","Baja",56,588,5,"success"
"PR-11242","Gamma","Billing","Media",5,153,2,"success"
"PR-11243","Gamma","Frontend-UI","Media",3.6,233,2,"success"
"PR-11244","Beta","Core-API","Media",2.88,10,0,"success"
"PR-11245","Delta","Core-API","Baja",2,203,0,"success"
"PR-11246","Alpha","Billing","Baja",53,812,4,"failed"
"PR-11247","Alpha","Auth-Service","Alta",1,10,0,"success"
"PR-11248","Delta","Core-API","Media",5.25,81,0,"success"
"PR-11249","Delta","Auth-Service","Baja",5.87,136,1,"success"
"PR-11250","Gamma","Billing","Baja",2.13,224,2,"success"
"PR-11251","Alpha","Auth-Service","Media",1,109,0,"failed"
"PR-11252","Delta","Auth-Service","Alta",21,418,1,"success"
"PR-11253","Beta","Database","Media",9.02,326,2,"success"
"PR-11254","Delta","Billing","Alta",3,10,0,"success"
"PR-11255","Alpha","Auth-Service","Crítica",60,789,3,"success"
"PR-11256","Gamma","Database","Media",62.6,1011,6,"rolled_back"
"PR-11257","Delta","Database","Media",35.92,694,3,"rolled_back"
"PR-11258","Alpha","Billing","Crítica",2,10,0,"success"
"PR-11259","Delta","Billing","Media",42.17,718,1,"success"
"PR-11260","Delta","Frontend-UI","Media",78,940,6,"success"
"PR-11261","Alpha","Frontend-UI","Crítica",2.24,122,0,"success"
"PR-11262","Beta","Frontend-UI","Baja",5,224,1,"success"
"PR-11263","Delta","Database","Media",66,804,6,"failed"
"PR-11264","Delta","Frontend-UI","Media",6.68,285,1,"success"
"PR-11265","Beta","Database","Media",13,316,6,"rolled_back"
"PR-11266","Delta","Database","Alta",6.72,48,0,"success"
"PR-11267","Alpha","Core-API","Media",3,229,1,"success"
"PR-11268","Delta","Auth-Service","Alta",3.72,97,0,"success"
"PR-11269","Alpha","Frontend-UI","Media",6,10,1,"success"
"PR-11270","Delta","Database","Media",1.3,10,1,"failed"
"PR-11271","Beta","Billing","Baja",2,179,0,"success"
"PR-11272","Beta","Auth-Service","Media",2.47,10,0,"success"
"PR-11273","Beta","Auth-Service","Alta",2.89,179,0,"success"
"PR-11274","Delta","Database","Media",5,10,0,"success"
"PR-11275","Delta","Core-API","Baja",81,1045,2,"success"
"PR-11276","Alpha","Auth-Service","Crítica",2.67,183,0,"success"
"PR-11277","Alpha","Frontend-UI","Media",24,297,0,"success"
"PR-11278","Delta","Core-API","Media",29.35,266,2,"rolled_back"
"PR-11279","Alpha","Auth-Service","Media",5.53,110,0,"success"
"PR-11280","Delta","Auth-Service","Alta",84,1105,6,"success"
"PR-11281","Beta","Billing","Baja",3.49,29,0,"success"
"PR-11282","Alpha","Auth-Service","Media",33,475,1,"success"
"PR-11283","Gamma","Frontend-UI","Baja",3.47,21,1,"success"
"PR-11284","Alpha","Database","Media",79.81,1162,6,"failed"
"PR-11285","Gamma","Frontend-UI","Alta",1,10,0,"success"
"PR-11286","Delta","Frontend-UI","Media",4.03,370,1,"rolled_back"
"PR-11287","Alpha","Database","Media",2.44,209,1,"success"
"PR-11288","Alpha","Database","Crítica",3,10,0,"success"
"PR-11289","Alpha","Billing","Baja",8,241,1,"success"
"PR-11290","Alpha","Auth-Service","Media",3,258,1,"success"
"PR-11291","Delta","Database","Media",7.83,10,1,"success"
"PR-11292","Beta","Billing","Alta",5,81,1,"success"
"PR-11293","Alpha","Core-API","Media",2.38,186,1,"success"
"PR-11294","Beta","Frontend-UI","Media",47.75,604,5,"failed"
"PR-11295","Alpha","Database","Media",241.3,3014,7,"success"
"PR-11296","Beta","Frontend-UI","Media",155.81,1933,3,"failed"
"PR-11297","Alpha","Billing","Baja",5,10,0,"success"
"PR-11298","Delta","Frontend-UI","Media",66,909,4,"success"
"PR-11299","Beta","Frontend-UI","Media",34.9,479,2,"failed"
"PR-11300","Beta","Frontend-UI","Media",49,876,2,"rolled_back"
"PR-11301","Alpha","Database","Alta",52,748,3,"success"
"PR-11302","Alpha","Database","Media",36,478,4,"success"
"PR-11303","Alpha","Core-API","Baja",60.29,733,6,"failed"
"PR-11304","Delta","Database","Media",54,814,1,"success"
"PR-11305","Beta","Frontend-UI","Alta",43.09,666,4,"success"
"PR-11306","Alpha","Auth-Service","Baja",30,280,2,"rolled_back"
"PR-11307","Gamma","Frontend-UI","Alta",313.58,3860,12,"success"
"PR-11308","Delta","Database","Media",5.53,156,1,"success"
"PR-11309","Beta","Core-API","Media",23.62,498,1,"success"
"PR-11310","Gamma","Frontend-UI","Media",8,177,1,"success"
"PR-11311","Alpha","Database","Media",313.45,3866,17,"failed"
"PR-11312","Delta","Frontend-UI","Media",25.11,147,1,"success"
"PR-11313","Alpha","Auth-Service","Media",68.17,920,3,"success"
"PR-11314","Beta","Frontend-UI","Media",35,625,2,"success"
"PR-11315","Alpha","Core-API","Alta",64,789,2,"success"
"PR-11316","Beta","Core-API","Media",6.2,10,0,"success"
"PR-11317","Beta","Auth-Service","Media",56,803,4,"failed"
"PR-11318","Beta","Frontend-UI","Media",4,310,2,"success"
"PR-11319","Alpha","Frontend-UI","Alta",4,10,1,"success"
"PR-11320","Gamma","Auth-Service","Alta",5,51,0,"success"
"PR-11321","Delta","Auth-Service","Baja",3.34,61,0,"success"
"PR-11322","Gamma","Billing","Baja",74,1077,4,"success"
"PR-11323","Beta","Database","Alta",37,402,3,"rolled_back"
"PR-11324","Delta","Core-API","Media",32,529,2,"success"
"PR-11325","Beta","Billing","Crítica",5,251,0,"success"
"PR-11326","Beta","Auth-Service","Media",7,143,0,"success"
"PR-11327","Gamma","Core-API","Media",55.83,802,7,"success"
"PR-11328","Gamma","Core-API","Crítica",25.62,469,1,"success"
"PR-11329","Beta","Billing","Baja",2.15,48,0,"success"
"PR-11330","Delta","Auth-Service","Baja",6,71,0,"success"
"PR-11331","Beta","Frontend-UI","Media",3.15,402,2,"success"
"PR-11332","Alpha","Frontend-UI","Media",9,246,1,"success"
"PR-11333","Gamma","Auth-Service","Alta",32,380,0,"success"
"PR-11334","Beta","Billing","Alta",57.91,683,4,"failed"
"PR-11335","Alpha","Auth-Service","Crítica",31,451,1,"rolled_back"
"PR-11336","Beta","Core-API","Media",31,395,2,"success"
"PR-11337","Alpha","Billing","Alta",6,74,2,"success"
"PR-11338","Gamma","Core-API","Baja",9,128,1,"failed"
"PR-11339","Alpha","Billing","Media",9.71,177,1,"failed"
"PR-11340","Alpha","Database","Alta",24,345,1,"success"
"PR-11341","Alpha","Frontend-UI","Baja",6,34,0,"success"
"PR-11342","Gamma","Database","Baja",3.3,89,0,"success"
"PR-11343","Beta","Frontend-UI","Media",4.77,55,0,"success"
"PR-11344","Alpha","Core-API","Media",3.39,10,0,"success"
"PR-11345","Beta","Billing","Media",302,3742,12,"success"
"PR-11346","Delta","Database","Media",3.23,251,1,"success"
"PR-11347","Alpha","Core-API","Alta",6.64,85,0,"success"
"PR-11348","Alpha","Core-API","Media",5.87,86,0,"success"
"PR-11349","Beta","Auth-Service","Alta",34,630,5,"success"
"PR-11350","Beta","Core-API","Media",3.98,10,0,"failed"
"PR-11351","Gamma","Core-API","Crítica",32.62,528,2,"success"
"PR-11352","Alpha","Core-API","Baja",39,545,3,"failed"
"PR-11353","Alpha","Billing","Media",317.83,3916,20,"success"
"PR-11354","Alpha","Core-API","Alta",2.49,81,1,"success"
"PR-11355","Delta","Billing","Media",13,177,0,"success"
"PR-11356","Beta","Frontend-UI","Media",1.55,70,0,"success"
"PR-11357","Gamma","Billing","Baja",53,701,4,"success"
"PR-11358","Beta","Core-API","Alta",53,732,1,"rolled_back"
"PR-11359","Gamma","Auth-Service","Crítica",5,137,1,"success"
"PR-11360","Beta","Database","Alta",35.42,370,1,"success"
"PR-11361","Alpha","Auth-Service","Media",3,403,0,"success"
"PR-11362","Delta","Billing","Alta",36,620,4,"success"
"PR-11363","Alpha","Auth-Service","Crítica",271.76,3392,14,"rolled_back"
"PR-11364","Gamma","Frontend-UI","Baja",3,76,0,"success"
"PR-11365","Beta","Database","Media",4.78,170,1,"failed"
"PR-11366","Delta","Frontend-UI","Baja",1.1,139,0,"success"
"PR-11367","Alpha","Database","Media",4.7,128,2,"rolled_back"
"PR-11368","Delta","Database","Media",1,182,0,"success"
"PR-11369","Delta","Auth-Service","Baja",160,1912,5,"failed"
"PR-11370","Beta","Auth-Service","Media",51.07,697,5,"failed"
"PR-11371","Beta","Database","Crítica",53.51,569,1,"success"
"PR-11372","Alpha","Auth-Service","Crítica",72,1013,3,"success"
"PR-11373","Alpha","Frontend-UI","Alta",5.18,65,0,"success"
"PR-11374","Alpha","Billing","Baja",9.02,10,0,"success"
"PR-11375","Gamma","Database","Media",0,10,1,"success"
"PR-11376","Delta","Billing","Alta",60.43,809,4,"rolled_back"
"PR-11377","Delta","Frontend-UI","Baja",5,32,0,"success"
"PR-11378","Alpha","Auth-Service","Media",68.68,825,3,"success"
"PR-11379","Alpha","Billing","Media",5,143,0,"success"
"PR-11380","Alpha","Billing","Alta",3,54,0,"success"
"PR-11381","Gamma","Core-API","Media",5,10,0,"success"
"PR-11382","Alpha","Core-API","Media",226,3121,20,"failed"
"PR-11383","Beta","Auth-Service","Baja",2,10,0,"success"
"PR-11384","Beta","Billing","Crítica",3.72,10,0,"success"
"PR-11385","Beta","Auth-Service","Media",7.8,68,1,"failed"
"PR-11386","Alpha","Core-API","Media",1.46,10,0,"success"
"PR-11387","Gamma","Frontend-UI","Crítica",226,2771,10,"rolled_back"
"PR-11388","Beta","Billing","Baja",4.29,10,0,"success"
"PR-11389","Gamma","Billing","Media",3,10,0,"success"
"PR-11390","Alpha","Frontend-UI","Media",8,343,0,"success"
"PR-11391","Beta","Frontend-UI","Crítica",10,252,0,"success"
"PR-11392","Alpha","Billing","Baja",10.56,276,0,"success"
"PR-11393","Delta","Auth-Service","Alta",2,97,2,"rolled_back"
"PR-11394","Beta","Database","Crítica",124.53,1717,7,"rolled_back"
"PR-11395","Gamma","Billing","Baja",3,125,0,"success"
"PR-11396","Gamma","Auth-Service","Baja",1.65,10,0,"success"
"PR-11397","Delta","Database","Alta",0.22,58,0,"success"
"PR-11398","Alpha","Frontend-UI","Media",9,78,0,"success"
"PR-11399","Delta","Database","Media",4,246,1,"success"
"PR-11400","Delta","Core-API","Media",9.29,337,2,"failed"
"PR-11401","Alpha","Auth-Service","Crítica",0,290,1,"success"
"PR-11402","Alpha","Frontend-UI","Media",4.05,10,0,"success"
"PR-11403","Gamma","Database","Media",63,613,0,"success"
"PR-11404","Beta","Database","Alta",8.51,59,0,"failed"
"PR-11405","Beta","Core-API","Media",2.84,10,0,"success"
"PR-11406","Beta","Frontend-UI","Media",4.31,188,1,"success"
"PR-11407","Gamma","Database","Media",1,213,1,"success"
"PR-11408","Beta","Auth-Service","Alta",229,2959,12,"success"
"PR-11409","Gamma","Core-API","Media",2,10,1,"failed"
"PR-11410","Beta","Auth-Service","Crítica",39,433,1,"success"
"PR-11411","Gamma","Auth-Service","Baja",2,10,0,"success"
"PR-11412","Alpha","Database","Media",4,273,2,"rolled_back"
"PR-11413","Gamma","Database","Baja",292.36,3532,11,"success"
"PR-11414","Alpha","Database","Baja",44.84,541,2,"success"
"PR-11415","Delta","Frontend-UI","Media",7,56,0,"success"
"PR-11416","Alpha","Frontend-UI","Media",3.69,10,0,"success"
"PR-11417","Alpha","Core-API","Alta",157,1927,8,"failed"
"PR-11418","Delta","Database","Media",53,622,4,"failed"
"PR-11419","Beta","Database","Baja",5.12,86,0,"success"
"PR-11420","Delta","Core-API","Media",2.41,185,1,"failed"
"PR-11421","Gamma","Database","Baja",43.07,649,1,"success"
"PR-11422","Gamma","Database","Media",260,3263,13,"rolled_back"
"PR-11423","Delta","Database","Baja",24,339,0,"success"
"PR-11424","Alpha","Auth-Service","Media",78,973,1,"rolled_back"
"PR-11425","Delta","Database","Media",44.45,571,1,"success"
"PR-11426","Beta","Frontend-UI","Crítica",5,134,0,"success"
"PR-11427","Gamma","Auth-Service","Media",2,76,0,"success"
"PR-11428","Alpha","Database","Alta",5.12,171,1,"success"
"PR-11429","Gamma","Frontend-UI","Baja",3.56,128,0,"success"
"PR-11430","Beta","Core-API","Alta",24,474,4,"failed"
"PR-11431","Gamma","Billing","Media",3,20,0,"success"
"PR-11432","Delta","Auth-Service","Media",0,25,0,"success"
"PR-11433","Gamma","Database","Crítica",88,1158,3,"failed"
"PR-11434","Beta","Core-API","Alta",45.28,557,4,"failed"
"PR-11435","Delta","Core-API","Crítica",7,329,1,"success"
"PR-11436","Delta","Database","Crítica",4,11,1,"success"
"PR-11437","Gamma","Auth-Service","Alta",2.26,63,0,"success"
"PR-11438","Alpha","Frontend-UI","Media",4,10,0,"success"
"PR-11439","Delta","Core-API","Alta",52,819,4,"rolled_back"
"PR-11440","Gamma","Frontend-UI","Alta",5,114,0,"success"
"PR-11441","Delta","Core-API","Media",24,419,2,"failed"
"PR-11442","Gamma","Database","Media",4,252,2,"success"
"PR-11443","Beta","Core-API","Crítica",4,10,0,"success"
"PR-11444","Beta","Core-API","Alta",0,10,1,"failed"
"PR-11445","Delta","Core-API","Media",2,123,1,"success"
"PR-11446","Beta","Auth-Service","Baja",45.88,553,2,"success"
"PR-11447","Delta","Frontend-UI","Alta",29,293,0,"success"
"PR-11448","Alpha","Auth-Service","Media",21,151,1,"success"
"PR-11449","Delta","Auth-Service","Baja",24,349,2,"success"
"PR-11450","Beta","Core-API","Media",60,983,6,"success"
"PR-11451","Alpha","Core-API","Baja",9.71,411,2,"success"
"PR-11452","Gamma","Core-API","Alta",6,217,0,"success"
"PR-11453","Delta","Frontend-UI","Alta",5,300,1,"success"
"PR-11454","Beta","Frontend-UI","Media",7,166,0,"failed"
"PR-11455","Gamma","Core-API","Baja",3,202,1,"failed"
"PR-11456","Beta","Frontend-UI","Alta",33,419,1,"failed"
"PR-11457","Gamma","Database","Baja",2,148,1,"success"
"PR-11458","Gamma","Auth-Service","Alta",91.08,930,3,"success"
"PR-11459","Alpha","Core-API","Baja",3.06,22,0,"success"
"PR-11460","Beta","Auth-Service","Alta",7,324,1,"success"
"PR-11461","Alpha","Auth-Service","Media",6,103,0,"success"
"PR-11462","Alpha","Billing","Crítica",1.72,10,0,"success"
"PR-11463","Alpha","Database","Alta",5,344,2,"success"
"PR-11464","Gamma","Auth-Service","Baja",55.01,652,3,"rolled_back"
"PR-11465","Delta","Billing","Media",79,1240,1,"success"
"PR-11466","Alpha","Billing","Media",6.51,312,0,"success"
"PR-11467","Beta","Frontend-UI","Media",40,598,3,"success"
"PR-11468","Alpha","Billing","Media",4,174,0,"success"
"PR-11469","Delta","Auth-Service","Baja",1.84,10,0,"success"
"PR-11470","Alpha","Frontend-UI","Media",214.01,2646,8,"failed"
"PR-11471","Beta","Core-API","Alta",76.35,1177,5,"success"
"PR-11472","Beta","Frontend-UI","Crítica",49,802,6,"failed"
"PR-11473","Gamma","Frontend-UI","Baja",8.19,141,1,"success"
"PR-11474","Beta","Database","Media",3.3,313,1,"success"
"PR-11475","Beta","Database","Media",28,345,0,"success"
"PR-11476","Alpha","Frontend-UI","Alta",3,64,2,"success"
"PR-11477","Gamma","Auth-Service","Media",1,10,0,"success"
"PR-11478","Delta","Core-API","Media",6.18,162,0,"success"
"PR-11479","Delta","Billing","Media",3,151,0,"success"
"PR-11480","Delta","Core-API","Baja",19.75,454,3,"success"
"PR-11481","Gamma","Core-API","Media",3,18,0,"success"
"PR-11482","Beta","Core-API","Alta",52.91,692,3,"success"
"PR-11483","Beta","Frontend-UI","Media",86,1127,6,"rolled_back"
"PR-11484","Alpha","Frontend-UI","Baja",49.5,610,3,"success"
"PR-11485","Beta","Core-API","Baja",7,10,0,"success"
"PR-11486","Beta","Core-API","Media",48,471,2,"success"
"PR-11487","Alpha","Frontend-UI","Media",50.17,555,3,"success"
"PR-11488","Delta","Core-API","Baja",5,187,0,"success"
"PR-11489","Beta","Auth-Service","Baja",7,10,0,"success"
"PR-11490","Alpha","Database","Media",55.6,705,2,"success"
"PR-11491","Delta","Auth-Service","Alta",1,10,0,"success"
"PR-11492","Delta","Core-API","Crítica",1,10,0,"success"
"PR-11493","Alpha","Billing","Crítica",0,10,0,"success"
"PR-11494","Beta","Core-API","Media",8,10,0,"success"
"PR-11495","Delta","Core-API","Alta",7.12,176,0,"success"
"PR-11496","Beta","Auth-Service","Alta",2.26,104,0,"success"
"PR-11497","Delta","Core-API","Media",48,582,2,"success"
"PR-11498","Beta","Frontend-UI","Alta",50.01,905,4,"failed"
"PR-11499","Beta","Frontend-UI","Media",4,26,0,"success"
"PR-11500","Alpha","Core-API","Baja",9,197,0,"success"
"PR-11501","Alpha","Billing","Media",86,1199,7,"success"
"PR-11502","Alpha","Billing","Crítica",72,823,4,"success"
"PR-11503","Delta","Frontend-UI","Media",3,181,0,"success"
"PR-11504","Beta","Database","Alta",51.78,798,5,"failed"
"PR-11505","Beta","Database","Baja",3,118,0,"success"
"PR-11506","Gamma","Frontend-UI","Baja",2.93,248,0,"success"
"PR-11507","Beta","Core-API","Baja",4,238,0,"success"
"PR-11508","Beta","Frontend-UI","Media",6.21,321,0,"success"
"PR-11509","Beta","Database","Media",60,866,7,"rolled_back"
"PR-11510","Delta","Auth-Service","Crítica",147,1748,3,"success"
"PR-11511","Gamma","Database","Baja",48,753,4,"failed"
"PR-11512","Beta","Database","Media",0,10,0,"success"
"PR-11513","Beta","Database","Alta",27,423,3,"rolled_back"
"PR-11514","Gamma","Billing","Alta",7,249,1,"success"
"PR-11515","Beta","Core-API","Alta",2.67,123,0,"success"
"PR-11516","Gamma","Billing","Alta",1,67,0,"success"
"PR-11517","Gamma","Database","Crítica",2.17,312,0,"success"
"PR-11518","Delta","Billing","Alta",11,268,1,"success"
"PR-11519","Gamma","Billing","Media",0.43,200,3,"success"
"PR-11520","Gamma","Database","Alta",53,802,4,"success"
"PR-11521","Alpha","Auth-Service","Alta",4.32,154,2,"success"
"PR-11522","Gamma","Auth-Service","Alta",94.19,1350,7,"rolled_back"
"PR-11523","Beta","Frontend-UI","Baja",54,818,2,"success"
"PR-11524","Beta","Billing","Media",48,823,2,"failed"
"PR-11525","Gamma","Core-API","Media",1.6,179,0,"success"
"PR-11526","Gamma","Billing","Media",2,112,1,"success"
"PR-11527","Alpha","Frontend-UI","Media",4.35,10,0,"success"
"PR-11528","Gamma","Auth-Service","Alta",39.4,632,2,"success"
"PR-11529","Delta","Core-API","Baja",316,3989,15,"success"
"PR-11530","Gamma","Database","Crítica",45,495,1,"success"
"PR-11531","Delta","Billing","Crítica",7.36,249,0,"success"
"PR-11532","Alpha","Auth-Service","Media",101.53,1177,3,"failed"
"PR-11533","Gamma","Frontend-UI","Alta",62.04,894,6,"success"
"PR-11534","Gamma","Database","Media",1,10,0,"success"
"PR-11535","Beta","Frontend-UI","Crítica",4,246,1,"rolled_back"
"PR-11536","Alpha","Auth-Service","Crítica",26,417,4,"success"
"PR-11537","Delta","Billing","Baja",7.41,126,0,"success"
"PR-11538","Gamma","Billing","Media",72,873,0,"success"
"PR-11539","Gamma","Billing","Media",4.78,48,0,"success"
"PR-11540","Delta","Billing","Media",42,751,0,"success"
"PR-11541","Alpha","Database","Media",167.79,2140,10,"success"
"PR-11542","Alpha","Billing","Baja",46,431,1,"success"
"PR-11543","Beta","Database","Media",64,786,4,"failed"
"PR-11544","Gamma","Database","Alta",50,568,4,"rolled_back"
"PR-11545","Alpha","Database","Alta",29,378,3,"success"
"PR-11546","Alpha","Auth-Service","Baja",221,2720,18,"failed"
"PR-11547","Alpha","Auth-Service","Media",5.89,458,3,"rolled_back"
"PR-11548","Beta","Auth-Service","Media",3,10,0,"success"
"PR-11549","Beta","Frontend-UI","Crítica",48,738,6,"success"
"PR-11550","Delta","Frontend-UI","Media",177,2150,4,"failed"
"PR-11551","Alpha","Billing","Media",128,1620,8,"success"
"PR-11552","Gamma","Database","Media",2.97,10,0,"success"
"PR-11553","Delta","Auth-Service","Crítica",41.41,356,3,"success"
"PR-11554","Alpha","Database","Baja",50.69,605,3,"rolled_back"
"PR-11555","Alpha","Billing","Media",40.6,332,1,"success"
"PR-11556","Alpha","Frontend-UI","Media",2,21,0,"success"
"PR-11557","Delta","Core-API","Crítica",2.1,75,0,"success"
"PR-11558","Delta","Auth-Service","Media",4.3,82,0,"success"
"PR-11559","Beta","Core-API","Media",2,148,1,"success"
"PR-11560","Beta","Auth-Service","Media",2,10,0,"success"
"PR-11561","Delta","Auth-Service","Media",4,10,0,"success"
"PR-11562","Alpha","Frontend-UI","Baja",2.22,166,0,"success"
"PR-11563","Delta","Database","Media",2.62,10,0,"success"
"PR-11564","Alpha","Billing","Media",1,17,0,"success"
"PR-11565","Gamma","Billing","Media",4,135,0,"success"
"PR-11566","Beta","Billing","Alta",48,392,3,"success"
"PR-11567","Alpha","Billing","Media",1,10,0,"success"
"PR-11568","Beta","Database","Media",4.89,10,0,"success"
"PR-11569","Alpha","Frontend-UI","Media",4,107,0,"success"
"PR-11570","Alpha","Billing","Media",55,623,1,"success"
"PR-11571","Alpha","Database","Crítica",3,10,0,"success"
"PR-11572","Gamma","Database","Media",2,314,6,"success"
"PR-11573","Alpha","Frontend-UI","Media",0,160,2,"success"
"PR-11574","Delta","Auth-Service","Baja",45.49,676,3,"success"
"PR-11575","Beta","Billing","Alta",5.94,248,2,"failed"
"PR-11576","Alpha","Database","Media",7,10,0,"success"
"PR-11577","Gamma","Billing","Baja",2.92,10,0,"success"
"PR-11578","Gamma","Database","Baja",10.64,177,0,"success"
"PR-11579","Gamma","Auth-Service","Baja",38.38,668,1,"failed"
"PR-11580","Gamma","Auth-Service","Media",3,10,0,"success"
"PR-11581","Alpha","Frontend-UI","Crítica",72,664,4,"success"
"PR-11582","Alpha","Frontend-UI","Media",42.37,639,1,"failed"
"PR-11583","Alpha","Auth-Service","Alta",58,815,3,"success"
"PR-11584","Gamma","Frontend-UI","Media",4.52,57,0,"success"
"PR-11585","Delta","Auth-Service","Baja",30,393,4,"success"
"PR-11586","Gamma","Database","Baja",4.02,10,0,"success"
"PR-11587","Gamma","Core-API","Alta",56,552,1,"success"
"PR-11588","Gamma","Frontend-UI","Media",82,1145,8,"success"
"PR-11589","Alpha","Billing","Media",141,1546,4,"success"
"PR-11590","Alpha","Database","Media",72.23,720,1,"success"
"PR-11591","Beta","Database","Alta",1,87,0,"success"
"PR-11592","Gamma","Frontend-UI","Baja",95,1074,5,"rolled_back"
"PR-11593","Alpha","Database","Media",1.36,16,1,"success"
"PR-11594","Alpha","Core-API","Alta",3,163,1,"failed"
"PR-11595","Gamma","Billing","Media",3.15,27,0,"success"
"PR-11596","Alpha","Core-API","Media",9,253,0,"failed"
"PR-11597","Gamma","Billing","Media",117.42,1551,6,"failed"
"PR-11598","Gamma","Billing","Alta",61.01,821,2,"success"
"PR-11599","Delta","Auth-Service","Media",3.05,10,0,"success"
"PR-11600","Gamma","Core-API","Alta",31.45,407,2,"success"
"PR-11601","Beta","Billing","Media",45.34,606,1,"success"
"PR-11602","Beta","Billing","Baja",47,546,2,"failed"
"PR-11603","Beta","Auth-Service","Media",4,296,0,"success"
"PR-11604","Delta","Billing","Media",0.76,31,0,"success"
"PR-11605","Beta","Frontend-UI","Media",103,1231,1,"failed"
"PR-11606","Beta","Auth-Service","Media",14,283,0,"success"
"PR-11607","Beta","Database","Media",8,245,1,"success"
"PR-11608","Beta","Billing","Crítica",72,931,1,"success"
"PR-11609","Delta","Billing","Alta",9,282,0,"success"
"PR-11610","Alpha","Auth-Service","Alta",57,699,1,"success"
"PR-11611","Beta","Core-API","Baja",238,3006,9,"rolled_back"
"PR-11612","Alpha","Core-API","Alta",48,498,1,"success"
"PR-11613","Beta","Core-API","Media",7.56,164,1,"failed"
"PR-11614","Beta","Frontend-UI","Baja",2.92,74,0,"success"
"PR-11615","Beta","Auth-Service","Media",86.09,1140,7,"failed"
"PR-11616","Alpha","Database","Media",9,236,2,"success"
"PR-11617","Alpha","Database","Alta",31,121,0,"failed"
"PR-11618","Alpha","Core-API","Media",4,81,0,"success"
"PR-11619","Beta","Billing","Alta",7.43,170,0,"success"
"PR-11620","Beta","Frontend-UI","Crítica",1.54,10,0,"success"
"PR-11621","Beta","Billing","Media",291,3402,13,"success"
"PR-11622","Gamma","Billing","Media",1.26,117,0,"success"
"PR-11623","Delta","Auth-Service","Alta",3,176,1,"rolled_back"
"PR-11624","Delta","Billing","Media",3,235,2,"success"
"PR-11625","Beta","Auth-Service","Alta",37,407,3,"failed"
"PR-11626","Alpha","Core-API","Baja",32,197,0,"success"
"PR-11627","Alpha","Billing","Alta",3.47,114,0,"success"
"PR-11628","Alpha","Auth-Service","Baja",1.76,120,0,"success"
"PR-11629","Gamma","Billing","Alta",2,92,1,"success"
"PR-11630","Alpha","Core-API","Media",2,165,1,"success"
"PR-11631","Alpha","Core-API","Media",2,10,0,"success"
"PR-11632","Alpha","Core-API","Media",3,57,2,"success"
"PR-11633","Alpha","Database","Alta",1.97,246,1,"success"
"PR-11634","Alpha","Auth-Service","Alta",1.4,70,1,"success"
"PR-11635","Beta","Core-API","Baja",2,10,0,"success"
"PR-11636","Gamma","Database","Alta",3,22,0,"success"
"PR-11637","Alpha","Core-API","Alta",97,1151,5,"success"
"PR-11638","Beta","Auth-Service","Baja",24,404,5,"failed"
"PR-11639","Alpha","Auth-Service","Media",78.74,869,2,"success"
"PR-11640","Delta","Auth-Service","Crítica",80.3,856,5,"success"
"PR-11641","Delta","Core-API","Media",9.86,369,1,"success"
"PR-11642","Beta","Database","Baja",4,97,0,"success"
"PR-11643","Beta","Core-API","Media",3.87,36,0,"success"
"PR-11644","Alpha","Auth-Service","Alta",4,142,1,"success"
"PR-11645","Alpha","Billing","Media",27.3,205,2,"success"
"PR-11646","Beta","Database","Baja",3,10,0,"success"
"PR-11647","Delta","Auth-Service","Alta",5,21,1,"success"
"PR-11648","Delta","Auth-Service","Media",28,123,0,"success"
"PR-11649","Alpha","Frontend-UI","Media",46,753,1,"rolled_back"
"PR-11650","Beta","Frontend-UI","Media",66,865,4,"rolled_back"
"PR-11651","Gamma","Frontend-UI","Baja",59.78,844,1,"success"
"PR-11652","Alpha","Billing","Media",9,45,0,"success"
"PR-11653","Delta","Database","Baja",29,510,1,"success"
"PR-11654","Beta","Database","Baja",2,379,0,"success"
"PR-11655","Delta","Database","Media",49,674,3,"success"
"PR-11656","Alpha","Frontend-UI","Alta",4,18,0,"failed"
"PR-11657","Alpha","Database","Crítica",5.54,38,1,"success"
"PR-11658","Delta","Database","Media",1.1,263,1,"success"
"PR-11659","Alpha","Auth-Service","Media",50.79,683,2,"failed"
"PR-11660","Gamma","Core-API","Media",3.37,166,0,"success"
"PR-11661","Delta","Auth-Service","Media",69,627,2,"failed"
"PR-11662","Beta","Database","Alta",32,383,3,"success"
"PR-11663","Beta","Frontend-UI","Media",49,723,3,"success"
"PR-11664","Beta","Frontend-UI","Alta",47,805,4,"failed"
"PR-11665","Gamma","Core-API","Baja",51.08,735,2,"success"
"PR-11666","Alpha","Database","Alta",55,652,2,"success"
"PR-11667","Beta","Billing","Media",1.06,154,0,"success"
"PR-11668","Delta","Auth-Service","Alta",4,10,0,"success"
"PR-11669","Gamma","Frontend-UI","Alta",44,563,1,"failed"
"PR-11670","Gamma","Billing","Crítica",64,898,5,"success"
"PR-11671","Gamma","Billing","Crítica",2.23,10,0,"success"
"PR-11672","Delta","Database","Crítica",55.69,684,3,"failed"
"PR-11673","Delta","Core-API","Alta",2,398,2,"success"
"PR-11674","Alpha","Auth-Service","Crítica",38,434,0,"success"
"PR-11675","Gamma","Core-API","Media",187.88,2309,6,"failed"
"PR-11676","Gamma","Auth-Service","Baja",4,225,1,"success"
"PR-11677","Gamma","Database","Crítica",4.01,215,0,"success"
"PR-11678","Alpha","Core-API","Media",2,144,1,"success"
"PR-11679","Alpha","Database","Alta",3,295,1,"success"
"PR-11680","Gamma","Core-API","Media",3.82,35,0,"success"
"PR-11681","Beta","Frontend-UI","Alta",4,19,0,"success"
"PR-11682","Beta","Frontend-UI","Media",67.2,855,3,"failed"
"PR-11683","Delta","Database","Crítica",5.49,112,0,"success"
"PR-11684","Alpha","Core-API","Baja",4,122,0,"success"
"PR-11685","Beta","Database","Alta",6,175,0,"success"
"PR-11686","Beta","Auth-Service","Crítica",26,575,1,"success"
"PR-11687","Beta","Auth-Service","Alta",68,831,4,"failed"
"PR-11688","Beta","Auth-Service","Crítica",5,190,1,"success"
"PR-11689","Alpha","Frontend-UI","Alta",44,615,2,"success"
"PR-11690","Alpha","Billing","Alta",8,45,0,"success"
"PR-11691","Gamma","Core-API","Alta",5,83,0,"success"
"PR-11692","Alpha","Database","Baja",15,260,0,"success"
"PR-11693","Beta","Billing","Baja",56,704,3,"failed"
"PR-11694","Delta","Core-API","Alta",1.52,288,2,"success"
"PR-11695","Delta","Frontend-UI","Media",4,31,0,"success"
"PR-11696","Beta","Database","Media",6,10,0,"success"
"PR-11697","Gamma","Database","Media",71,896,3,"success"
"PR-11698","Gamma","Database","Alta",66.91,720,2,"success"
"PR-11699","Beta","Core-API","Media",53,777,1,"success"
"PR-11700","Beta","Frontend-UI","Crítica",2,79,2,"success"
"PR-11701","Delta","Core-API","Alta",67,703,3,"success"
"PR-11702","Gamma","Auth-Service","Alta",1.67,380,0,"success"
"PR-11703","Beta","Auth-Service","Baja",38,796,1,"success"
"PR-11704","Delta","Frontend-UI","Media",66.06,955,1,"rolled_back"
"PR-11705","Beta","Core-API","Baja",51.24,736,1,"failed"
"PR-11706","Alpha","Database","Baja",1,10,0,"success"
"PR-11707","Beta","Database","Media",4,62,1,"success"
"PR-11708","Delta","Frontend-UI","Media",51,797,2,"success"
"PR-11709","Alpha","Frontend-UI","Media",5,249,1,"success"
"PR-11710","Delta","Billing","Baja",4.95,23,0,"success"
"PR-11711","Delta","Database","Media",247,3061,13,"failed"
"PR-11712","Alpha","Core-API","Baja",43.97,739,8,"failed"
"PR-11713","Beta","Frontend-UI","Media",4.79,10,0,"success"
"PR-11714","Delta","Auth-Service","Media",0.9,10,1,"success"
"PR-11715","Delta","Billing","Baja",4,110,0,"success"
"PR-11716","Delta","Billing","Crítica",5,10,0,"success"
"PR-11717","Beta","Frontend-UI","Media",3,167,0,"success"
"PR-11718","Alpha","Frontend-UI","Media",3.07,149,2,"success"
"PR-11719","Delta","Frontend-UI","Alta",57,420,0,"success"
"PR-11720","Alpha","Billing","Crítica",39.91,501,0,"success"
"PR-11721","Gamma","Billing","Media",7,96,0,"success"
"PR-11722","Beta","Frontend-UI","Media",2,201,0,"success"
"PR-11723","Gamma","Frontend-UI","Crítica",8,88,1,"success"
"PR-11724","Alpha","Frontend-UI","Alta",59.89,688,6,"failed"
"PR-11725","Alpha","Frontend-UI","Crítica",45.41,556,4,"failed"
"PR-11726","Gamma","Core-API","Alta",1.76,10,0,"success"
"PR-11727","Beta","Core-API","Baja",1.34,10,0,"success"
"PR-11728","Gamma","Core-API","Media",3,10,0,"success"
"PR-11729","Beta","Billing","Media",50.28,530,3,"success"
"PR-11730","Delta","Database","Media",46.45,483,3,"success"
"PR-11731","Delta","Database","Baja",3,307,1,"success"
"PR-11732","Beta","Frontend-UI","Media",48,563,2,"success"
"PR-11733","Alpha","Database","Media",2.13,11,1,"success"
"PR-11734","Gamma","Frontend-UI","Media",2.71,151,1,"success"
"PR-11735","Delta","Database","Media",2.85,10,1,"success"
"PR-11736","Alpha","Core-API","Media",2.17,10,0,"success"
"PR-11737","Beta","Frontend-UI","Crítica",7.38,270,1,"success"
"PR-11738","Delta","Frontend-UI","Media",62,901,5,"success"
"PR-11739","Alpha","Core-API","Media",4.19,69,1,"success"
"PR-11740","Alpha","Database","Media",41.24,715,3,"success"
"PR-11741","Beta","Database","Baja",10,230,1,"success"
"PR-11742","Gamma","Billing","Alta",2,10,0,"success"
"PR-11743","Alpha","Frontend-UI","Media",8.98,104,0,"failed"
"PR-11744","Beta","Database","Media",3.06,152,0,"success"
"PR-11745","Alpha","Auth-Service","Alta",255.75,3112,14,"success"
"PR-11746","Gamma","Auth-Service","Media",26.36,268,4,"success"
"PR-11747","Gamma","Database","Baja",2.01,286,1,"success"
"PR-11748","Beta","Database","Baja",6.77,61,0,"success"
"PR-11749","Gamma","Frontend-UI","Media",80,837,7,"success"
"PR-11750","Alpha","Auth-Service","Media",237.63,2952,14,"success"
"PR-11751","Delta","Database","Media",3.63,166,0,"success"
"PR-11752","Beta","Auth-Service","Alta",40,611,2,"failed"
"PR-11753","Beta","Billing","Media",4,121,1,"success"
"PR-11754","Beta","Database","Baja",274.2,3591,11,"success"
"PR-11755","Gamma","Database","Baja",67,1122,4,"failed"
"PR-11756","Beta","Auth-Service","Alta",52,689,0,"success"
"PR-11757","Alpha","Frontend-UI","Alta",11.89,95,2,"success"
"PR-11758","Gamma","Frontend-UI","Media",62,853,1,"success"
"PR-11759","Gamma","Auth-Service","Media",43.9,699,0,"success"
"PR-11760","Delta","Core-API","Media",68.51,832,3,"success"
"PR-11761","Delta","Frontend-UI","Alta",17,354,1,"failed"
"PR-11762","Gamma","Database","Media",7,104,0,"success"
"PR-11763","Gamma","Billing","Crítica",3.72,83,0,"success"
"PR-11764","Beta","Database","Baja",5.51,74,0,"success"
"PR-11765","Gamma","Database","Baja",68.85,715,4,"success"
"PR-11766","Delta","Database","Crítica",4,10,0,"success"
"PR-11767","Alpha","Core-API","Baja",51.77,762,5,"rolled_back"
"PR-11768","Delta","Frontend-UI","Crítica",48,477,1,"success"
"PR-11769","Delta","Database","Alta",0.76,10,0,"success"
"PR-11770","Beta","Auth-Service","Media",2.53,105,3,"success"
"PR-11771","Delta","Database","Baja",4.91,76,0,"success"
"PR-11772","Beta","Billing","Alta",3.86,172,0,"success"
"PR-11773","Alpha","Frontend-UI","Baja",1.54,229,0,"success"
"PR-11774","Gamma","Database","Crítica",4,367,0,"success"
"PR-11775","Beta","Database","Media",70,940,0,"success"
"PR-11776","Beta","Database","Media",29.82,544,0,"success"
"PR-11777","Beta","Billing","Media",45.98,563,1,"success"
"PR-11778","Alpha","Frontend-UI","Crítica",2.17,163,0,"success"
"PR-11779","Alpha","Auth-Service","Crítica",9,69,0,"success"
"PR-11780","Gamma","Database","Alta",309.62,3647,13,"failed"
"PR-11781","Gamma","Core-API","Crítica",42,675,2,"success"
"PR-11782","Delta","Auth-Service","Alta",8,10,1,"success"
"PR-11783","Delta","Frontend-UI","Media",2.64,212,0,"success"
"PR-11784","Alpha","Auth-Service","Alta",9.65,282,2,"success"
"PR-11785","Gamma","Frontend-UI","Media",3.42,130,0,"success"
"PR-11786","Delta","Auth-Service","Baja",4.68,68,0,"failed"
"PR-11787","Beta","Frontend-UI","Media",3.94,10,1,"success"
"PR-11788","Alpha","Database","Media",2.45,10,1,"success"
"PR-11789","Gamma","Core-API","Media",40,592,4,"success"
"PR-11790","Gamma","Auth-Service","Media",6.82,53,0,"success"
"PR-11791","Gamma","Auth-Service","Alta",7.36,142,1,"success"
"PR-11792","Beta","Auth-Service","Media",26.54,434,1,"success"
"PR-11793","Gamma","Database","Media",72,741,5,"success"
"PR-11794","Delta","Frontend-UI","Media",7,258,1,"success"
"PR-11795","Gamma","Billing","Media",37,582,5,"failed"
"PR-11796","Beta","Core-API","Baja",2,60,1,"success"
"PR-11797","Gamma","Core-API","Baja",2,10,0,"success"
"PR-11798","Delta","Auth-Service","Baja",1,66,0,"success"
"PR-11799","Beta","Core-API","Baja",0.83,189,1,"success"
"PR-11800","Alpha","Frontend-UI","Media",24,198,2,"success"
"PR-11801","Alpha","Billing","Media",42.57,695,6,"failed"
"PR-11802","Delta","Database","Media",30.75,467,1,"success"
"PR-11803","Delta","Core-API","Alta",8,254,3,"success"
"PR-11804","Gamma","Database","Media",73.13,800,3,"success"
"PR-11805","Alpha","Database","Alta",5,78,0,"success"
"PR-11806","Alpha","Database","Media",2,122,0,"success"
"PR-11807","Delta","Database","Media",3.55,171,0,"success"
"PR-11808","Beta","Billing","Media",52.62,542,2,"success"
"PR-11809","Alpha","Frontend-UI","Media",42,505,0,"success"
"PR-11810","Gamma","Core-API","Media",46,546,1,"rolled_back"
"PR-11811","Gamma","Billing","Baja",31.01,476,2,"success"
"PR-11812","Beta","Database","Baja",12,65,0,"success"
"PR-11813","Beta","Core-API","Baja",3,10,0,"success"
"PR-11814","Delta","Frontend-UI","Crítica",5.82,225,0,"success"
"PR-11815","Beta","Auth-Service","Media",59.15,896,5,"success"
"PR-11816","Alpha","Core-API","Media",5,71,0,"success"
"PR-11817","Alpha","Frontend-UI","Media",3,72,0,"success"
"PR-11818","Alpha","Core-API","Media",46,673,5,"failed"
"PR-11819","Delta","Core-API","Baja",3.54,79,0,"failed"
"PR-11820","Delta","Database","Media",4.24,72,0,"success"
"PR-11821","Beta","Database","Baja",2,10,0,"success"
"PR-11822","Alpha","Auth-Service","Alta",75.22,1081,9,"rolled_back"
"PR-11823","Alpha","Frontend-UI","Media",5.44,321,3,"success"
"PR-11824","Gamma","Billing","Media",46.82,491,1,"success"
"PR-11825","Gamma","Core-API","Crítica",47,578,3,"success"
"PR-11826","Alpha","Core-API","Baja",6.01,135,0,"success"
"PR-11827","Alpha","Core-API","Media",2.42,202,4,"success"
"PR-11828","Alpha","Database","Media",9.84,120,1,"success"
"PR-11829","Alpha","Frontend-UI","Baja",4,162,1,"success"
"PR-11830","Delta","Billing","Crítica",2,10,0,"success"
"PR-11831","Delta","Billing","Baja",21.06,287,1,"success"
"PR-11832","Alpha","Frontend-UI","Crítica",2.08,392,2,"success"
"PR-11833","Beta","Core-API","Media",49.17,619,3,"success"
"PR-11834","Beta","Auth-Service","Crítica",1.82,10,0,"success"
"PR-11835","Gamma","Database","Alta",5.96,174,1,"success"
"PR-11836","Beta","Core-API","Baja",3,146,0,"success"
"PR-11837","Alpha","Frontend-UI","Media",56.78,930,8,"failed"
"PR-11838","Beta","Billing","Crítica",64.83,792,3,"success"
"PR-11839","Beta","Frontend-UI","Baja",45.19,725,1,"success"
"PR-11840","Alpha","Core-API","Crítica",5,82,0,"success"
"PR-11841","Gamma","Database","Baja",3,10,0,"success"
"PR-11842","Delta","Billing","Media",2.96,10,0,"success"
"PR-11843","Beta","Frontend-UI","Alta",45.19,548,3,"failed"
"PR-11844","Gamma","Core-API","Crítica",90,996,2,"failed"
"PR-11845","Beta","Database","Media",2,138,0,"success"
"PR-11846","Gamma","Database","Media",7.13,342,1,"success"
"PR-11847","Beta","Frontend-UI","Alta",24,340,0,"success"
"PR-11848","Beta","Billing","Media",6.44,85,0,"failed"
"PR-11849","Gamma","Billing","Baja",66,1020,4,"success"
"PR-11850","Beta","Billing","Alta",72,935,6,"rolled_back"
"PR-11851","Beta","Database","Alta",89,1039,2,"success"
"PR-11852","Beta","Frontend-UI","Baja",2.57,10,0,"success"
"PR-11853","Gamma","Database","Media",2,244,2,"rolled_back"
"PR-11854","Beta","Billing","Alta",45.22,426,0,"success"
"PR-11855","Gamma","Billing","Crítica",1,137,0,"success"
"PR-11856","Delta","Frontend-UI","Crítica",8,10,0,"success"
"PR-11857","Alpha","Database","Media",6.76,153,3,"success"
"PR-11858","Gamma","Database","Media",7,45,0,"success"
"PR-11859","Alpha","Billing","Media",5,10,0,"success"
"PR-11860","Gamma","Billing","Alta",49.32,712,2,"rolled_back"
"PR-11861","Beta","Database","Alta",51.02,600,3,"success"
"PR-11862","Gamma","Frontend-UI","Crítica",3,264,1,"success"
"PR-11863","Alpha","Auth-Service","Media",4.71,404,4,"failed"
"PR-11864","Gamma","Core-API","Alta",2,10,0,"success"
"PR-11865","Alpha","Auth-Service","Baja",9,320,0,"success"
"PR-11866","Beta","Billing","Crítica",6,39,0,"success"
"PR-11867","Delta","Core-API","Media",41.59,698,3,"success"
"PR-11868","Alpha","Frontend-UI","Media",42,625,6,"failed"
"PR-11869","Gamma","Core-API","Baja",3,157,0,"success"
"PR-11870","Beta","Database","Media",10.43,37,0,"success"
"PR-11871","Gamma","Auth-Service","Media",4,10,1,"success"
"PR-11872","Delta","Core-API","Alta",52.92,746,6,"failed"
"PR-11873","Beta","Auth-Service","Alta",11.33,363,1,"success"
"PR-11874","Alpha","Billing","Alta",50.13,587,1,"failed"
"PR-11875","Gamma","Core-API","Alta",291,3679,13,"failed"
"PR-11876","Beta","Database","Media",9.93,165,1,"success"
"PR-11877","Gamma","Auth-Service","Alta",8.93,63,0,"success"
"PR-11878","Delta","Core-API","Alta",57.61,532,1,"success"
"PR-11879","Gamma","Database","Media",3,10,1,"success"
"PR-11880","Delta","Auth-Service","Alta",52.75,464,6,"failed"
"PR-11881","Beta","Core-API","Alta",2,249,1,"success"
"PR-11882","Alpha","Auth-Service","Media",7.64,182,0,"success"
"PR-11883","Delta","Database","Media",54.16,595,3,"failed"
"PR-11884","Beta","Core-API","Baja",38.15,639,3,"rolled_back"
"PR-11885","Gamma","Billing","Media",4.04,112,1,"rolled_back"
"PR-11886","Alpha","Core-API","Alta",9,10,0,"success"
"PR-11887","Gamma","Frontend-UI","Alta",42.03,620,4,"failed"
"PR-11888","Gamma","Frontend-UI","Alta",3.36,178,0,"success"
"PR-11889","Beta","Core-API","Baja",22,332,1,"success"
"PR-11890","Beta","Frontend-UI","Baja",2.54,260,2,"rolled_back"
"PR-11891","Alpha","Auth-Service","Alta",62.24,591,1,"success"
"PR-11892","Gamma","Billing","Alta",28,443,1,"success"
"PR-11893","Gamma","Billing","Baja",289.18,3514,13,"failed"
"PR-11894","Gamma","Billing","Media",1.73,116,1,"success"
"PR-11895","Delta","Core-API","Media",45.25,615,4,"failed"
"PR-11896","Alpha","Database","Media",1,171,1,"success"
"PR-11897","Gamma","Frontend-UI","Baja",7,10,0,"success"
"PR-11898","Gamma","Core-API","Media",5.6,89,0,"success"
"PR-11899","Gamma","Core-API","Alta",6,237,0,"success"
"PR-11900","Alpha","Auth-Service","Media",5,10,0,"success"
"PR-11901","Delta","Core-API","Alta",2,10,0,"success"
"PR-11902","Gamma","Core-API","Media",33,205,0,"success"
"PR-11903","Alpha","Frontend-UI","Baja",0.68,151,2,"success"
"PR-11904","Beta","Database","Crítica",3,293,1,"failed"
"PR-11905","Alpha","Frontend-UI","Alta",48,572,1,"success"
"PR-11906","Alpha","Billing","Baja",2,252,1,"success"
"PR-11907","Alpha","Billing","Alta",55,784,0,"success"
"PR-11908","Alpha","Billing","Alta",1.49,215,3,"success"
"PR-11909","Beta","Core-API","Alta",2,264,1,"success"
"PR-11910","Beta","Billing","Media",2,343,2,"success"
"PR-11911","Delta","Billing","Alta",0,96,1,"success"
"PR-11912","Delta","Auth-Service","Media",50,545,1,"success"
"PR-11913","Delta","Billing","Alta",2,72,0,"success"
"PR-11914","Gamma","Auth-Service","Media",9,389,0,"success"
"PR-11915","Alpha","Billing","Media",2,86,0,"success"
"PR-11916","Beta","Frontend-UI","Media",36.38,236,0,"success"
"PR-11917","Beta","Billing","Media",27,441,0,"success"
"PR-11918","Alpha","Frontend-UI","Media",98,1275,6,"failed"
"PR-11919","Beta","Frontend-UI","Baja",32.07,202,1,"success"
"PR-11920","Delta","Billing","Alta",6,213,0,"success"
"PR-11921","Beta","Frontend-UI","Media",2,65,0,"success"
"PR-11922","Alpha","Billing","Crítica",60.49,887,2,"failed"
"PR-11923","Gamma","Database","Media",7.42,106,0,"success"
"PR-11924","Beta","Auth-Service","Alta",43,790,2,"success"
"PR-11925","Delta","Frontend-UI","Crítica",64,969,8,"success"
"PR-11926","Alpha","Database","Media",3.41,10,1,"success"
"PR-11927","Gamma","Billing","Alta",41.59,417,1,"success"
"PR-11928","Alpha","Frontend-UI","Crítica",9,111,1,"success"
"PR-11929","Delta","Frontend-UI","Media",4,220,1,"success"
"PR-11930","Delta","Billing","Alta",38.16,554,4,"success"
"PR-11931","Alpha","Auth-Service","Baja",3,296,0,"success"
"PR-11932","Gamma","Database","Baja",122,1668,9,"success"
"PR-11933","Beta","Billing","Alta",12,39,1,"success"
"PR-11934","Alpha","Database","Media",4.21,369,1,"success"
"PR-11935","Beta","Billing","Media",1.4,408,2,"success"
"PR-11936","Alpha","Database","Baja",6,148,0,"success"
"PR-11937","Delta","Frontend-UI","Baja",5.63,208,0,"success"
"PR-11938","Beta","Database","Baja",1.28,102,0,"success"
"PR-11939","Gamma","Database","Media",6.8,292,0,"success"
"PR-11940","Gamma","Core-API","Alta",5,87,1,"success"
"PR-11941","Delta","Billing","Media",46,603,3,"success"
"PR-11942","Gamma","Frontend-UI","Alta",4,219,1,"success"
"PR-11943","Gamma","Frontend-UI","Media",1.33,102,1,"success"
"PR-11944","Gamma","Database","Media",59.32,914,3,"failed"
"PR-11945","Delta","Billing","Alta",24,272,0,"success"
"PR-11946","Delta","Core-API","Baja",10,64,0,"success"
"PR-11947","Alpha","Frontend-UI","Crítica",1,10,0,"success"
"PR-11948","Delta","Frontend-UI","Media",0.35,55,0,"success"
"PR-11949","Delta","Billing","Alta",4.66,219,3,"success"
"PR-11950","Beta","Core-API","Media",35,248,1,"success"
"PR-11951","Beta","Core-API","Media",4,111,0,"success"
"PR-11952","Alpha","Core-API","Baja",8.25,84,0,"success"
"PR-11953","Delta","Billing","Media",3,104,0,"success"
"PR-11954","Beta","Auth-Service","Baja",57.79,844,6,"rolled_back"
"PR-11955","Beta","Frontend-UI","Baja",51,736,4,"success"
"PR-11956","Delta","Core-API","Baja",48.47,580,4,"success"
"PR-11957","Delta","Billing","Baja",47,723,1,"success"
"PR-11958","Gamma","Frontend-UI","Baja",72,837,3,"failed"
"PR-11959","Delta","Auth-Service","Crítica",8,88,0,"success"
"PR-11960","Beta","Core-API","Baja",2,201,0,"success"
"PR-11961","Alpha","Billing","Media",242.29,2955,16,"failed"
"PR-11962","Beta","Database","Media",7,234,1,"success"
"PR-11963","Beta","Billing","Crítica",46,694,3,"failed"
"PR-11964","Delta","Billing","Media",4,46,0,"success"
"PR-11965","Alpha","Core-API","Media",3.24,30,0,"success"
"PR-11966","Delta","Core-API","Crítica",62,759,1,"rolled_back"
"PR-11967","Delta","Frontend-UI","Media",2.8,127,1,"success"
"PR-11968","Gamma","Frontend-UI","Media",67.41,867,5,"success"
"PR-11969","Delta","Billing","Alta",93,1257,8,"success"
"PR-11970","Alpha","Auth-Service","Crítica",9.24,315,1,"success"
"PR-11971","Beta","Auth-Service","Media",57,664,0,"rolled_back"
"PR-11972","Alpha","Core-API","Media",26.12,344,1,"failed"
"PR-11973","Beta","Auth-Service","Baja",24.33,468,1,"failed"
"PR-11974","Alpha","Core-API","Alta",3,143,0,"success"
"PR-11975","Beta","Frontend-UI","Media",6,203,0,"success"
"PR-11976","Beta","Frontend-UI","Alta",4.2,279,0,"success"
"PR-11977","Beta","Billing","Baja",9,259,2,"success"
"PR-11978","Delta","Core-API","Media",51,671,1,"success"
"PR-11979","Beta","Billing","Media",92.13,1110,5,"success"
"PR-11980","Beta","Billing","Baja",7.05,186,0,"success"
"PR-11981","Delta","Core-API","Media",20,445,1,"success"
"PR-11982","Beta","Frontend-UI","Media",4.51,223,0,"success"
"PR-11983","Delta","Core-API","Media",47,650,2,"success"
"PR-11984","Beta","Frontend-UI","Media",13,323,1,"success"
"PR-11985","Beta","Billing","Alta",6.73,259,1,"success"
"PR-11986","Beta","Auth-Service","Media",32,370,3,"success"
"PR-11987","Delta","Database","Media",3,18,0,"success"
"PR-11988","Gamma","Database","Alta",6.25,338,1,"success"
"PR-11989","Delta","Auth-Service","Media",61.32,698,5,"success"
"PR-11990","Beta","Core-API","Media",24,214,2,"success"
"PR-11991","Beta","Database","Alta",50,484,2,"success"
"PR-11992","Beta","Core-API","Media",3.54,218,0,"success"
"PR-11993","Beta","Auth-Service","Media",72,1081,3,"failed"
"PR-11994","Delta","Auth-Service","Alta",2,66,0,"success"
"PR-11995","Alpha","Auth-Service","Crítica",48,731,1,"success"
"PR-11996","Alpha","Auth-Service","Media",303,3703,19,"failed"
"PR-11997","Gamma","Billing","Alta",51,545,6,"rolled_back"
"PR-11998","Delta","Database","Baja",62.55,786,5,"rolled_back"
"PR-11999","Gamma","Billing","Baja",36.68,547,2,"success"
"PR-12000","Beta","Frontend-UI","Media",3.59,167,3,"failed"
"PR-12001","Beta","Core-API","Media",5.07,10,0,"success"
"PR-12002","Beta","Auth-Service","Alta",4,208,1,"success"
"PR-12003","Gamma","Frontend-UI","Media",4,161,4,"success"
"PR-12004","Beta","Frontend-UI","Baja",72,1108,3,"failed"
"PR-12005","Delta","Auth-Service","Baja",2,109,0,"success"
"PR-12006","Gamma","Billing","Crítica",2,10,0,"success"
"PR-12007","Alpha","Billing","Alta",1.47,53,0,"success"
"PR-12008","Alpha","Core-API","Crítica",35,381,0,"success"
"PR-12009","Gamma","Database","Alta",4,10,0,"success"
"PR-12010","Beta","Auth-Service","Media",62.26,751,5,"failed"
"PR-12011","Alpha","Core-API","Alta",117,1519,5,"failed"
"PR-12012","Gamma","Frontend-UI","Baja",36,542,1,"success"
"PR-12013","Gamma","Frontend-UI","Media",7.85,325,2,"success"
"PR-12014","Alpha","Frontend-UI","Baja",4.84,244,1,"success"
"PR-12015","Gamma","Frontend-UI","Baja",54,549,2,"failed"
"PR-12016","Delta","Core-API","Alta",3,202,1,"success"
"PR-12017","Alpha","Database","Baja",3,206,1,"success"
"PR-12018","Beta","Billing","Baja",1,85,2,"success"
"PR-12019","Alpha","Billing","Baja",7.78,131,1,"rolled_back"
"PR-12020","Delta","Database","Media",72,1015,4,"success"
"PR-12021","Beta","Auth-Service","Alta",2,111,0,"success"
"PR-12022","Delta","Auth-Service","Baja",7,265,1,"success"
"PR-12023","Delta","Core-API","Crítica",6.89,209,1,"success"
"PR-12024","Beta","Core-API","Media",4.31,73,1,"success"
"PR-12025","Gamma","Billing","Media",38,418,1,"success"
"PR-12026","Alpha","Database","Alta",3.15,62,0,"success"
"PR-12027","Alpha","Core-API","Media",125.89,1561,6,"failed"
"PR-12028","Delta","Billing","Alta",1.49,164,0,"success"
"PR-12029","Alpha","Database","Crítica",2,10,0,"success"
"PR-12030","Gamma","Core-API","Alta",32,580,5,"failed"
"PR-12031","Gamma","Database","Alta",317.53,3692,16,"rolled_back"
"PR-12032","Beta","Auth-Service","Media",1,85,0,"success"
"PR-12033","Alpha","Billing","Media",3,209,1,"success"
"PR-12034","Delta","Frontend-UI","Media",22.67,213,0,"success"
"PR-12035","Alpha","Billing","Media",4,198,0,"success"
"PR-12036","Beta","Database","Baja",7.24,130,0,"failed"
"PR-12037","Alpha","Core-API","Media",67.43,910,0,"success"
"PR-12038","Beta","Frontend-UI","Media",69,943,4,"success"
"PR-12039","Alpha","Auth-Service","Baja",13.25,182,2,"success"
"PR-12040","Gamma","Frontend-UI","Alta",2,127,0,"success"
"PR-12041","Gamma","Database","Media",156,1982,12,"failed"
"PR-12042","Beta","Core-API","Media",44.64,664,3,"success"
"PR-12043","Alpha","Auth-Service","Crítica",46,715,2,"success"
"PR-12044","Beta","Frontend-UI","Baja",4.61,10,0,"success"
"PR-12045","Gamma","Frontend-UI","Alta",5.19,239,1,"success"
"PR-12046","Alpha","Billing","Alta",38,664,3,"success"
"PR-12047","Gamma","Core-API","Crítica",2.55,15,0,"success"
"PR-12048","Gamma","Frontend-UI","Media",48,521,2,"success"
"PR-12049","Delta","Core-API","Media",54.64,788,3,"rolled_back"
"PR-12050","Delta","Auth-Service","Media",5.16,125,1,"success"
"PR-12051","Alpha","Core-API","Media",2.08,249,1,"failed"
"PR-12052","Beta","Database","Baja",66.57,697,1,"success"
"PR-12053","Beta","Core-API","Alta",2,10,0,"success"
"PR-12054","Beta","Core-API","Baja",300.36,3418,19,"failed"
"PR-12055","Beta","Database","Media",6.57,205,2,"success"
"PR-12056","Gamma","Billing","Media",50.6,636,2,"failed"
"PR-12057","Gamma","Auth-Service","Crítica",48,637,3,"failed"
"PR-12058","Alpha","Frontend-UI","Crítica",11.32,10,0,"success"
"PR-12059","Delta","Frontend-UI","Alta",30.44,579,1,"success"
"PR-12060","Gamma","Frontend-UI","Alta",7,69,0,"failed"
"PR-12061","Gamma","Core-API","Baja",41.93,681,1,"success"
"PR-12062","Delta","Billing","Crítica",7,221,0,"failed"
"PR-12063","Beta","Frontend-UI","Media",9.12,99,1,"success"
"PR-12064","Gamma","Frontend-UI","Baja",1.76,371,1,"success"
"PR-12065","Alpha","Database","Media",5,155,1,"failed"
"PR-12066","Gamma","Database","Alta",43,635,1,"success"
"PR-12067","Beta","Database","Media",67.12,913,3,"success"
"PR-12068","Alpha","Core-API","Alta",24,125,0,"success"
"PR-12069","Alpha","Auth-Service","Alta",0.34,10,0,"success"
"PR-12070","Beta","Auth-Service","Alta",44,448,4,"success"
"PR-12071","Delta","Database","Alta",32.32,416,1,"success"
"PR-12072","Gamma","Core-API","Media",3.35,117,0,"success"
"PR-12073","Alpha","Database","Baja",1.07,189,2,"rolled_back"
"PR-12074","Beta","Database","Baja",0.56,217,0,"success"
"PR-12075","Gamma","Database","Alta",11.39,317,3,"success"
"PR-12076","Gamma","Core-API","Baja",5.2,151,1,"success"
"PR-12077","Gamma","Billing","Media",48,640,1,"rolled_back"
"PR-12078","Beta","Frontend-UI","Alta",27.98,265,4,"failed"
"PR-12079","Gamma","Database","Crítica",114,1453,7,"failed"
"PR-12080","Alpha","Billing","Alta",62,705,2,"success"
"PR-12081","Alpha","Core-API","Crítica",2,114,0,"success"
"PR-12082","Gamma","Frontend-UI","Crítica",3,10,0,"success"
"PR-12083","Alpha","Database","Baja",3,163,1,"success"
"PR-12084","Gamma","Database","Alta",58,835,3,"failed"
"PR-12085","Beta","Database","Media",48,842,6,"failed"
"PR-12086","Gamma","Billing","Media",2.37,188,0,"success"
"PR-12087","Alpha","Billing","Media",65.36,719,5,"failed"
"PR-12088","Gamma","Billing","Media",10.43,87,1,"success"
"PR-12089","Beta","Auth-Service","Media",6,33,0,"success"
"PR-12090","Beta","Frontend-UI","Crítica",0.8,207,0,"success"
"PR-12091","Delta","Frontend-UI","Media",2,153,0,"success"
"PR-12092","Alpha","Database","Media",2,101,0,"success"
"PR-12093","Alpha","Auth-Service","Crítica",72,1003,4,"success"
"PR-12094","Gamma","Core-API","Baja",58.53,697,4,"failed"
"PR-12095","Gamma","Core-API","Alta",48,394,1,"rolled_back"
"PR-12096","Gamma","Core-API","Media",2.74,93,0,"success"
"PR-12097","Gamma","Database","Media",6,219,0,"success"
"PR-12098","Gamma","Frontend-UI","Media",5.33,26,0,"success"
"PR-12099","Delta","Auth-Service","Media",4.08,10,0,"success"
"PR-12100","Beta","Core-API","Baja",7.67,323,2,"success"
"PR-12101","Beta","Database","Media",80.41,928,7,"success"
"PR-12102","Delta","Billing","Alta",63,791,5,"rolled_back"
"PR-12103","Gamma","Frontend-UI","Media",48,871,7,"success"
"PR-12104","Delta","Billing","Media",2,132,0,"success"
"PR-12105","Delta","Auth-Service","Media",2,67,0,"success"
"PR-12106","Gamma","Billing","Media",57,755,3,"rolled_back"
"PR-12107","Gamma","Auth-Service","Alta",4,10,0,"failed"
"PR-12108","Beta","Frontend-UI","Media",4,10,0,"success"
"PR-12109","Alpha","Frontend-UI","Media",3.73,102,0,"success"
"PR-12110","Beta","Database","Crítica",76,989,6,"rolled_back"
"PR-12111","Gamma","Frontend-UI","Baja",3.3,108,3,"success"
"PR-12112","Beta","Database","Media",18.57,215,2,"success"
"PR-12113","Gamma","Core-API","Baja",41.8,459,1,"success"
"PR-12114","Gamma","Billing","Crítica",6.93,179,2,"success"
"PR-12115","Gamma","Core-API","Alta",0.87,27,0,"success"
"PR-12116","Delta","Database","Baja",1.83,322,0,"success"
"PR-12117","Delta","Database","Alta",32.29,563,2,"success"
"PR-12118","Gamma","Frontend-UI","Alta",2.96,10,0,"success"
"PR-12119","Gamma","Auth-Service","Media",1,10,0,"success"
"PR-12120","Alpha","Core-API","Media",49,657,2,"success"
"PR-12121","Beta","Billing","Alta",2.82,128,1,"success"
"PR-12122","Gamma","Database","Media",50,849,3,"rolled_back"
"PR-12123","Delta","Frontend-UI","Baja",54,558,1,"failed"
"PR-12124","Beta","Frontend-UI","Alta",68.21,1007,4,"rolled_back"
"PR-12125","Alpha","Frontend-UI","Alta",4.31,128,0,"success"
"PR-12126","Alpha","Frontend-UI","Media",42.76,426,2,"success"
"PR-12127","Delta","Database","Media",4,59,0,"success"
"PR-12128","Delta","Auth-Service","Media",184.99,2140,8,"success"
"PR-12129","Beta","Billing","Alta",2.85,71,0,"success"
"PR-12130","Alpha","Frontend-UI","Media",295.52,3633,19,"failed"
"PR-12131","Alpha","Database","Alta",22,563,0,"success"
"PR-12132","Delta","Billing","Crítica",50,692,0,"success"
"PR-12133","Delta","Billing","Alta",70,877,8,"failed"
"PR-12134","Alpha","Auth-Service","Baja",2.04,275,3,"success"
"PR-12135","Beta","Frontend-UI","Media",5,10,1,"success"
"PR-12136","Gamma","Core-API","Alta",77,976,3,"success"
"PR-12137","Alpha","Database","Baja",17.08,419,4,"success"
"PR-12138","Alpha","Database","Baja",8,186,1,"failed"
"PR-12139","Beta","Frontend-UI","Media",31.28,335,1,"success"
"PR-12140","Alpha","Billing","Alta",8,10,1,"success"
"PR-12141","Alpha","Auth-Service","Alta",8,249,1,"success"
"PR-12142","Beta","Auth-Service","Alta",32.8,546,4,"failed"
"PR-12143","Alpha","Billing","Media",43,578,3,"success"
"PR-12144","Delta","Frontend-UI","Baja",4.82,32,0,"success"
"PR-12145","Alpha","Billing","Media",4,81,0,"failed"
"PR-12146","Alpha","Auth-Service","Baja",1.78,140,0,"success"
"PR-12147","Beta","Billing","Crítica",2,201,0,"success"
"PR-12148","Alpha","Frontend-UI","Baja",4.55,123,0,"success"
"PR-12149","Gamma","Auth-Service","Media",1,10,0,"success"
"PR-12150","Gamma","Frontend-UI","Alta",3.41,162,0,"success"
"PR-12151","Beta","Auth-Service","Media",7,10,0,"success"
"PR-12152","Gamma","Frontend-UI","Media",12.42,270,0,"success"
"PR-12153","Beta","Auth-Service","Alta",1.54,136,2,"failed"
"PR-12154","Delta","Auth-Service","Baja",7.04,237,3,"failed"
"PR-12155","Alpha","Core-API","Alta",2.17,10,0,"success"
"PR-12156","Gamma","Billing","Baja",48,755,3,"success"
"PR-12157","Delta","Database","Media",87.48,1188,6,"failed"
"PR-12158","Delta","Database","Baja",4,10,1,"success"
"PR-12159","Alpha","Frontend-UI","Media",72,1002,2,"failed"
"PR-12160","Delta","Auth-Service","Alta",5,51,0,"success"
"PR-12161","Delta","Billing","Media",1,134,0,"rolled_back"
"PR-12162","Gamma","Core-API","Alta",2.31,10,0,"success"
"PR-12163","Alpha","Database","Media",24,87,1,"failed"
"PR-12164","Gamma","Database","Media",4.59,154,1,"failed"
"PR-12165","Alpha","Auth-Service","Baja",5,230,0,"success"
"PR-12166","Alpha","Core-API","Media",4,161,1,"success"
"PR-12167","Delta","Billing","Alta",42,568,1,"success"
"PR-12168","Alpha","Billing","Media",34,411,2,"failed"
"PR-12169","Beta","Frontend-UI","Alta",5,139,0,"success"
"PR-12170","Delta","Billing","Alta",53.8,702,5,"failed"
"PR-12171","Alpha","Auth-Service","Baja",24,448,4,"success"
"PR-12172","Beta","Billing","Crítica",1,208,1,"success"
"PR-12173","Alpha","Frontend-UI","Media",32.73,675,4,"success"
"PR-12174","Alpha","Auth-Service","Media",33,544,5,"success"
"PR-12175","Delta","Core-API","Crítica",38,513,1,"success"
"PR-12176","Beta","Auth-Service","Baja",8.98,242,1,"success"
"PR-12177","Delta","Database","Media",2,207,1,"failed"
"PR-12178","Delta","Billing","Crítica",36,355,0,"success"
"PR-12179","Alpha","Auth-Service","Crítica",63,974,5,"success"
"PR-12180","Beta","Billing","Baja",1.65,150,1,"success"
"PR-12181","Delta","Database","Alta",2.12,58,0,"success"
"PR-12182","Gamma","Auth-Service","Media",4,224,0,"success"
"PR-12183","Delta","Database","Alta",37.13,614,4,"success"
"PR-12184","Alpha","Frontend-UI","Media",8,124,1,"success"
"PR-12185","Beta","Database","Alta",4.95,211,0,"success"
"PR-12186","Delta","Billing","Media",307,3793,11,"failed"
"PR-12187","Delta","Auth-Service","Baja",1,73,0,"success"
"PR-12188","Alpha","Database","Media",72,977,5,"success"
"PR-12189","Alpha","Billing","Media",3.45,173,0,"success"
"PR-12190","Delta","Core-API","Alta",35,405,3,"failed"
"PR-12191","Delta","Billing","Baja",48.81,790,3,"failed"
"PR-12192","Alpha","Auth-Service","Media",176.26,2078,6,"failed"
"PR-12193","Beta","Core-API","Baja",2.63,94,0,"success"
"PR-12194","Beta","Billing","Media",2,54,1,"success"
"PR-12195","Delta","Billing","Baja",3,147,0,"success"
"PR-12196","Alpha","Billing","Media",70,870,6,"failed"
"PR-12197","Delta","Frontend-UI","Media",44,740,3,"success"
"PR-12198","Beta","Database","Baja",5,93,0,"success"
"PR-12199","Beta","Core-API","Baja",69.47,766,2,"success"
"PR-12200","Alpha","Frontend-UI","Baja",2,225,4,"failed"
"PR-12201","Beta","Auth-Service","Crítica",4.12,17,0,"success"
"PR-12202","Gamma","Auth-Service","Baja",4.14,10,0,"success"
"PR-12203","Beta","Database","Alta",2,110,0,"success"
"PR-12204","Delta","Database","Alta",7,83,1,"success"
"PR-12205","Beta","Auth-Service","Media",6,65,0,"success"
"PR-12206","Gamma","Billing","Media",36,422,2,"success"
"PR-12207","Beta","Billing","Baja",62,907,3,"success"
"PR-12208","Alpha","Auth-Service","Baja",3,10,0,"success"
"PR-12209","Beta","Core-API","Media",2,37,0,"success"
"PR-12210","Alpha","Billing","Media",6,88,1,"success"
"PR-12211","Beta","Database","Baja",2.48,219,0,"success"
"PR-12212","Gamma","Frontend-UI","Baja",40,513,2,"success"
"PR-12213","Alpha","Billing","Alta",5.78,10,0,"success"
"PR-12214","Delta","Core-API","Media",83,852,2,"success"
"PR-12215","Alpha","Frontend-UI","Media",3.07,10,1,"success"
"PR-12216","Alpha","Frontend-UI","Baja",7,142,0,"success"
"PR-12217","Delta","Database","Baja",55,678,2,"failed"
"PR-12218","Delta","Core-API","Media",6.72,121,1,"success"
"PR-12219","Gamma","Core-API","Media",25,292,3,"failed"
"PR-12220","Alpha","Billing","Media",2.93,200,0,"success"
"PR-12221","Gamma","Auth-Service","Media",5.6,234,0,"success"
"PR-12222","Gamma","Core-API","Media",2.88,397,1,"failed"
"PR-12223","Alpha","Auth-Service","Media",40,470,5,"failed"
"PR-12224","Gamma","Billing","Alta",25.43,329,1,"failed"
"PR-12225","Delta","Database","Baja",2,160,1,"success"
"PR-12226","Gamma","Auth-Service","Baja",31,608,3,"success"
"PR-12227","Alpha","Billing","Media",4.86,259,1,"success"
"PR-12228","Gamma","Core-API","Baja",6.84,35,1,"failed"
"PR-12229","Beta","Frontend-UI","Baja",38.28,521,1,"success"
"PR-12230","Gamma","Database","Crítica",29,462,3,"success"
"PR-12231","Alpha","Database","Baja",123,1524,5,"failed"
"PR-12232","Alpha","Frontend-UI","Media",4,44,0,"success"
"PR-12233","Gamma","Database","Crítica",3,10,0,"success"
"PR-12234","Delta","Core-API","Media",2.28,221,0,"success"
"PR-12235","Alpha","Auth-Service","Crítica",4,48,0,"success"
"PR-12236","Delta","Core-API","Media",38.23,566,2,"success"
"PR-12237","Beta","Frontend-UI","Alta",41,344,1,"success"
"PR-12238","Beta","Billing","Baja",4,193,2,"success"
"PR-12239","Delta","Database","Media",1.65,176,1,"success"
"PR-12240","Alpha","Auth-Service","Media",47.46,479,2,"rolled_back"
"PR-12241","Alpha","Frontend-UI","Media",43.5,706,2,"success"
"PR-12242","Gamma","Core-API","Media",2,54,0,"success"
"PR-12243","Gamma","Core-API","Media",70.6,643,1,"success"
"PR-12244","Beta","Billing","Crítica",2.73,45,0,"success"
"PR-12245","Delta","Auth-Service","Baja",30.14,491,0,"success"
"PR-12246","Delta","Frontend-UI","Media",56.71,985,3,"success"
"PR-12247","Alpha","Frontend-UI","Media",49.21,631,7,"failed"
"PR-12248","Gamma","Auth-Service","Crítica",69,1069,7,"failed"
"PR-12249","Alpha","Database","Media",4,10,1,"success"
"PR-12250","Alpha","Billing","Baja",24,472,0,"failed"
"PR-12251","Beta","Core-API","Alta",6,23,1,"success"
"PR-12252","Gamma","Auth-Service","Baja",34.02,466,2,"success"
"PR-12253","Delta","Frontend-UI","Alta",8.03,118,0,"success"
"PR-12254","Alpha","Auth-Service","Media",23,298,2,"success"
"PR-12255","Alpha","Billing","Media",192.88,2328,7,"failed"
"PR-12256","Gamma","Auth-Service","Baja",186.89,2444,7,"rolled_back"
"PR-12257","Delta","Database","Baja",92.27,1175,2,"success"
"PR-12258","Alpha","Auth-Service","Baja",227.33,3016,9,"success"
"PR-12259","Alpha","Core-API","Media",2,10,0,"success"
"PR-12260","Alpha","Database","Media",2,81,0,"success"
"PR-12261","Gamma","Billing","Baja",5,115,0,"success"
"PR-12262","Delta","Core-API","Media",48,767,5,"success"
"PR-12263","Delta","Billing","Crítica",4,95,0,"success"
"PR-12264","Delta","Billing","Crítica",1,130,0,"success"
"PR-12265","Alpha","Database","Crítica",63,781,3,"failed"
"PR-12266","Delta","Database","Baja",0,10,0,"success"
"PR-12267","Beta","Frontend-UI","Alta",51,658,2,"success"
"PR-12268","Beta","Frontend-UI","Alta",52,511,1,"failed"
"PR-12269","Delta","Billing","Baja",27.28,353,1,"success"
"PR-12270","Alpha","Database","Media",7,100,0,"success"
"PR-12271","Alpha","Database","Media",5,22,0,"success"
"PR-12272","Delta","Auth-Service","Media",79,1164,8,"failed"
"PR-12273","Gamma","Auth-Service","Crítica",4.38,10,0,"success"
"PR-12274","Gamma","Billing","Baja",4,325,2,"success"
"PR-12275","Beta","Core-API","Media",34,627,3,"failed"
"PR-12276","Beta","Auth-Service","Baja",43.75,719,3,"success"
"PR-12277","Gamma","Database","Media",2,133,1,"failed"
"PR-12278","Alpha","Database","Alta",59.09,739,2,"failed"
"PR-12279","Alpha","Billing","Alta",1.73,229,0,"success"
"PR-12280","Gamma","Frontend-UI","Baja",12,199,1,"success"
"PR-12281","Beta","Core-API","Media",7,79,0,"success"
"PR-12282","Alpha","Frontend-UI","Media",3.63,188,0,"success"
"PR-12283","Gamma","Database","Baja",28,444,4,"failed"
"PR-12284","Beta","Database","Media",6,115,0,"success"
"PR-12285","Delta","Frontend-UI","Alta",48.26,479,2,"success"
"PR-12286","Delta","Database","Alta",42.02,577,2,"success"
"PR-12287","Alpha","Core-API","Baja",2,54,0,"success"
"PR-12288","Gamma","Frontend-UI","Alta",0.88,24,0,"success"
"PR-12289","Gamma","Auth-Service","Media",0.62,10,1,"success"
"PR-12290","Delta","Auth-Service","Media",15.84,209,2,"success"
"PR-12291","Alpha","Database","Baja",5.83,184,0,"success"
"PR-12292","Beta","Billing","Baja",56,705,5,"rolled_back"
"PR-12293","Beta","Frontend-UI","Alta",44.45,595,2,"success"
"PR-12294","Beta","Billing","Media",8.61,147,0,"success"
"PR-12295","Delta","Core-API","Alta",153.91,2049,9,"rolled_back"
"PR-12296","Beta","Auth-Service","Media",5,330,2,"success"
"PR-12297","Gamma","Core-API","Alta",28,385,2,"failed"
"PR-12298","Beta","Core-API","Alta",0.46,10,0,"success"
"PR-12299","Beta","Core-API","Media",72,1066,4,"failed"
"PR-12300","Gamma","Database","Alta",2,14,0,"success"
"PR-12301","Gamma","Frontend-UI","Media",39,519,3,"success"
"PR-12302","Gamma","Billing","Media",54,651,2,"failed"
"PR-12303","Alpha","Frontend-UI","Media",2.77,64,0,"success"
"PR-12304","Beta","Auth-Service","Baja",4,207,0,"success"
"PR-12305","Alpha","Billing","Media",2,10,0,"success"
"PR-12306","Beta","Core-API","Alta",2.13,10,0,"success"
"PR-12307","Delta","Database","Media",52,672,3,"success"
"PR-12308","Beta","Core-API","Alta",70,819,4,"success"
"PR-12309","Beta","Auth-Service","Alta",24,548,5,"rolled_back"
"PR-12310","Alpha","Auth-Service","Media",48,724,2,"success"
"PR-12311","Beta","Auth-Service","Baja",7,287,2,"success"
"PR-12312","Alpha","Database","Media",4,215,1,"success"
"PR-12313","Gamma","Billing","Media",4.5,15,0,"success"
"PR-12314","Alpha","Database","Alta",72.33,863,1,"success"
"PR-12315","Beta","Database","Alta",2,256,1,"success"
"PR-12316","Beta","Database","Crítica",52.02,719,3,"success"
"PR-12317","Beta","Database","Crítica",108.65,1274,6,"rolled_back"
"PR-12318","Delta","Database","Media",4.52,10,0,"success"
"PR-12319","Alpha","Billing","Media",5,10,0,"success"
"PR-12320","Delta","Auth-Service","Media",51,573,1,"success"
"PR-12321","Gamma","Auth-Service","Media",1,14,0,"success"
"PR-12322","Gamma","Core-API","Alta",58.85,787,2,"success"
"PR-12323","Beta","Core-API","Media",26.83,465,3,"failed"
"PR-12324","Alpha","Auth-Service","Media",11,129,0,"success"
"PR-12325","Delta","Database","Media",30,333,0,"success"
"PR-12326","Alpha","Frontend-UI","Alta",3.01,190,0,"success"
"PR-12327","Gamma","Frontend-UI","Media",45,576,4,"success"
"PR-12328","Gamma","Auth-Service","Media",56.54,799,2,"success"
"PR-12329","Beta","Billing","Baja",53.75,595,5,"success"
"PR-12330","Beta","Core-API","Media",1,39,0,"success"
"PR-12331","Beta","Billing","Baja",7,144,1,"success"
"PR-12332","Gamma","Core-API","Media",1,166,0,"success"
"PR-12333","Gamma","Billing","Alta",5.25,10,0,"failed"
"PR-12334","Delta","Database","Baja",1,87,0,"success"
"PR-12335","Beta","Frontend-UI","Alta",37.53,591,1,"success"
"PR-12336","Alpha","Frontend-UI","Media",29,408,1,"success"
"PR-12337","Delta","Billing","Alta",74,884,4,"rolled_back"
"PR-12338","Delta","Core-API","Baja",49.6,646,5,"failed"
"PR-12339","Alpha","Database","Baja",2.81,21,0,"success"
"PR-12340","Beta","Core-API","Alta",8,124,1,"success"
"PR-12341","Gamma","Core-API","Alta",36,489,3,"failed"
"PR-12342","Beta","Core-API","Alta",3.89,114,1,"success"
"PR-12343","Delta","Billing","Baja",3.15,10,0,"success"
"PR-12344","Alpha","Auth-Service","Alta",3.63,10,0,"success"
"PR-12345","Beta","Database","Media",1.85,168,0,"success"
"PR-12346","Alpha","Database","Baja",34.6,379,3,"failed"
"PR-12347","Gamma","Frontend-UI","Media",67,789,4,"success"
"PR-12348","Delta","Core-API","Crítica",51.22,412,1,"success"
"PR-12349","Delta","Billing","Alta",3,10,1,"success"
"PR-12350","Alpha","Core-API","Media",24,485,1,"success"
"PR-12351","Alpha","Core-API","Media",22,175,1,"success"
"PR-12352","Gamma","Core-API","Alta",4,188,0,"success"
"PR-12353","Gamma","Database","Baja",83,998,1,"failed"
"PR-12354","Gamma","Auth-Service","Media",2.3,10,0,"success"
"PR-12355","Delta","Billing","Baja",4,52,0,"success"
"PR-12356","Beta","Frontend-UI","Media",56,633,4,"rolled_back"
"PR-12357","Gamma","Auth-Service","Baja",43.26,554,1,"success"
"PR-12358","Alpha","Database","Alta",3.3,137,1,"failed"
"PR-12359","Delta","Frontend-UI","Media",28,460,2,"failed"
"PR-12360","Gamma","Frontend-UI","Alta",2,10,0,"success"
"PR-12361","Beta","Frontend-UI","Media",51.41,609,2,"failed"
"PR-12362","Beta","Core-API","Crítica",67,873,2,"success"
"PR-12363","Beta","Billing","Media",1,10,0,"success"
"PR-12364","Gamma","Frontend-UI","Baja",57.58,624,1,"success"
"PR-12365","Alpha","Auth-Service","Baja",32.42,361,1,"success"
"PR-12366","Beta","Core-API","Media",3.83,220,1,"success"
"PR-12367","Beta","Auth-Service","Crítica",51,683,2,"success"
"PR-12368","Gamma","Billing","Media",2.07,87,2,"success"
"PR-12369","Beta","Database","Baja",2.39,56,1,"success"
"PR-12370","Gamma","Billing","Media",263,3080,15,"failed"
"PR-12371","Alpha","Frontend-UI","Media",5,283,2,"success"
"PR-12372","Alpha","Billing","Baja",62.11,796,5,"success"
"PR-12373","Gamma","Billing","Media",2.93,153,1,"success"
"PR-12374","Delta","Frontend-UI","Alta",2,10,0,"success"
"PR-12375","Delta","Frontend-UI","Baja",2,10,0,"success"
"PR-12376","Gamma","Core-API","Baja",53,501,0,"success"
"PR-12377","Beta","Frontend-UI","Media",33.67,434,1,"success"
"PR-12378","Delta","Database","Media",24.22,567,2,"success"
"PR-12379","Delta","Database","Media",38.11,508,0,"success"
"PR-12380","Beta","Billing","Alta",3,16,1,"success"
"PR-12381","Delta","Core-API","Alta",3,95,0,"success"
"PR-12382","Beta","Core-API","Alta",3,71,1,"success"
"PR-12383","Gamma","Database","Crítica",166,1906,11,"success"
"PR-12384","Gamma","Billing","Baja",24,309,2,"success"
"PR-12385","Beta","Frontend-UI","Media",30.85,570,1,"success"
"PR-12386","Gamma","Core-API","Alta",3,146,1,"success"
"PR-12387","Delta","Database","Alta",2.85,105,1,"rolled_back"
"PR-12388","Beta","Frontend-UI","Alta",50.43,596,3,"rolled_back"
"PR-12389","Beta","Database","Crítica",35.8,277,1,"success"
"PR-12390","Delta","Billing","Crítica",3.26,50,0,"success"
"PR-12391","Beta","Frontend-UI","Alta",33,328,1,"rolled_back"
"PR-12392","Gamma","Billing","Alta",64.38,608,3,"success"
"PR-12393","Gamma","Frontend-UI","Media",1,10,0,"success"
"PR-12394","Beta","Auth-Service","Media",48,515,1,"success"
"PR-12395","Delta","Auth-Service","Media",2,52,0,"success"
"PR-12396","Delta","Database","Media",3.13,10,0,"success"
"PR-12397","Gamma","Core-API","Baja",34,548,2,"failed"
"PR-12398","Beta","Database","Crítica",46,742,2,"failed"
"PR-12399","Alpha","Core-API","Media",3,34,0,"success"
"PR-12400","Beta","Auth-Service","Media",2.96,128,1,"success"
"PR-12401","Beta","Database","Media",2,121,0,"success"
"PR-12402","Gamma","Database","Baja",72,803,3,"rolled_back"
"PR-12403","Delta","Database","Media",6.41,24,0,"success"
"PR-12404","Delta","Frontend-UI","Alta",4,139,0,"success"
"PR-12405","Delta","Frontend-UI","Media",3,10,1,"success"
"PR-12406","Beta","Core-API","Alta",2,10,0,"success"
"PR-12407","Gamma","Billing","Crítica",28.34,392,1,"success"
"PR-12408","Delta","Billing","Media",2,172,0,"success"
"PR-12409","Beta","Auth-Service","Media",52,709,1,"success"
"PR-12410","Alpha","Frontend-UI","Crítica",3,43,0,"success"
"PR-12411","Gamma","Auth-Service","Alta",38.7,455,4,"success"
"PR-12412","Beta","Billing","Media",3.67,10,0,"success"
"PR-12413","Alpha","Billing","Media",44.08,683,2,"success"
"PR-12414","Gamma","Database","Alta",4.92,117,0,"success"
"PR-12415","Alpha","Billing","Alta",8,201,2,"failed"
"PR-12416","Alpha","Frontend-UI","Media",1.49,183,1,"success"
"PR-12417","Delta","Database","Baja",86,1243,5,"failed"
"PR-12418","Alpha","Auth-Service","Alta",41.77,415,4,"failed"
"PR-12419","Beta","Frontend-UI","Media",31.09,439,1,"success"
"PR-12420","Alpha","Auth-Service","Media",3,127,1,"success"
"PR-12421","Delta","Auth-Service","Baja",43.69,419,0,"success"
"PR-12422","Alpha","Billing","Media",3,103,0,"success"
"PR-12423","Beta","Auth-Service","Alta",6.72,142,0,"success"
"PR-12424","Alpha","Auth-Service","Baja",33.51,611,3,"success"
"PR-12425","Alpha","Auth-Service","Baja",76.11,957,7,"failed"
"PR-12426","Alpha","Core-API","Media",0.76,128,0,"success"
"PR-12427","Gamma","Billing","Crítica",8,93,0,"success"
"PR-12428","Gamma","Frontend-UI","Media",5,247,2,"failed"
"PR-12429","Delta","Database","Alta",0.68,34,0,"success"
"PR-12430","Alpha","Auth-Service","Alta",3.9,10,0,"success"
"PR-12431","Gamma","Auth-Service","Media",5,139,1,"success"
"PR-12432","Delta","Database","Media",4.63,134,0,"success"
"PR-12433","Gamma","Core-API","Crítica",8,287,0,"success"
"PR-12434","Delta","Frontend-UI","Baja",7.14,279,2,"success"
"PR-12435","Beta","Database","Crítica",6,78,2,"success"
"PR-12436","Beta","Frontend-UI","Baja",6,148,2,"success"
"PR-12437","Beta","Billing","Media",63.29,740,3,"rolled_back"
"PR-12438","Beta","Core-API","Alta",54.36,800,3,"failed"
"PR-12439","Alpha","Frontend-UI","Alta",8,188,0,"success"
"PR-12440","Beta","Database","Alta",56,609,4,"failed"
"PR-12441","Gamma","Database","Crítica",2.15,10,0,"failed"
"PR-12442","Gamma","Billing","Alta",6,159,0,"success"
"PR-12443","Delta","Database","Baja",44,567,4,"failed"
"PR-12444","Delta","Core-API","Alta",54,613,2,"failed"
"PR-12445","Beta","Billing","Media",215,2546,16,"failed"
"PR-12446","Alpha","Core-API","Baja",3,10,0,"success"
"PR-12447","Alpha","Auth-Service","Media",30.55,561,3,"failed"
"PR-12448","Gamma","Auth-Service","Crítica",68.06,986,2,"success"
"PR-12449","Gamma","Core-API","Alta",177.79,2335,9,"failed"
"PR-12450","Beta","Database","Media",2.03,10,1,"failed"
"PR-12451","Delta","Auth-Service","Media",4.69,16,0,"success"
"PR-12452","Delta","Billing","Baja",59,879,3,"success"
"PR-12453","Gamma","Auth-Service","Media",54,662,4,"failed"
"PR-12454","Gamma","Core-API","Media",4,10,0,"success"
"PR-12455","Alpha","Auth-Service","Alta",4.06,10,0,"success"
"PR-12456","Alpha","Auth-Service","Media",72,896,4,"failed"
"PR-12457","Alpha","Frontend-UI","Media",46,476,3,"failed"
"PR-12458","Alpha","Database","Alta",25,425,0,"success"
"PR-12459","Delta","Auth-Service","Baja",9.27,294,3,"success"
"PR-12460","Delta","Billing","Media",84,870,4,"rolled_back"
"PR-12461","Alpha","Core-API","Media",0.34,10,0,"success"
"PR-12462","Alpha","Database","Baja",4.06,180,2,"success"
"PR-12463","Delta","Billing","Alta",2.6,63,1,"success"
"PR-12464","Beta","Database","Alta",3.91,280,0,"success"
"PR-12465","Gamma","Database","Media",4,10,0,"success"
"PR-12466","Beta","Frontend-UI","Alta",104.87,1565,8,"rolled_back"
"PR-12467","Alpha","Core-API","Alta",94,1093,3,"success"
"PR-12468","Gamma","Database","Media",42.37,646,5,"success"
"PR-12469","Delta","Database","Baja",21.13,263,0,"success"
"PR-12470","Delta","Core-API","Media",36.4,514,0,"rolled_back"
"PR-12471","Beta","Auth-Service","Alta",5,351,0,"success"
"PR-12472","Gamma","Auth-Service","Media",67,847,4,"failed"
"PR-12473","Beta","Frontend-UI","Crítica",37,618,2,"rolled_back"
"PR-12474","Gamma","Billing","Alta",2.24,10,0,"success"
"PR-12475","Delta","Auth-Service","Baja",4.8,10,0,"success"
"PR-12476","Gamma","Billing","Media",53.18,778,3,"success"
"PR-12477","Gamma","Frontend-UI","Media",3.13,106,1,"failed"
"PR-12478","Beta","Auth-Service","Alta",65.05,825,6,"rolled_back"
"PR-12479","Gamma","Frontend-UI","Crítica",5.19,221,1,"success"
"PR-12480","Delta","Frontend-UI","Baja",41,512,3,"failed"
"PR-12481","Gamma","Database","Media",44,653,1,"failed"
"PR-12482","Delta","Auth-Service","Alta",50,578,1,"success"
"PR-12483","Beta","Billing","Media",40.31,442,3,"failed"
"PR-12484","Gamma","Core-API","Baja",9,151,1,"failed"
"PR-12485","Beta","Database","Media",39,317,3,"failed"
"PR-12486","Gamma","Auth-Service","Media",3,54,1,"success"
"PR-12487","Gamma","Auth-Service","Media",6.89,10,0,"success"
"PR-12488","Gamma","Auth-Service","Media",72,877,4,"success"
"PR-12489","Alpha","Billing","Alta",302.78,3623,17,"success"
"PR-12490","Delta","Core-API","Media",50.11,579,3,"success"
"PR-12491","Gamma","Billing","Alta",3,10,0,"success"
"PR-12492","Gamma","Core-API","Media",28.07,316,3,"success"
"PR-12493","Alpha","Database","Crítica",3,162,0,"success"
"PR-12494","Gamma","Frontend-UI","Crítica",1,10,0,"success"
"PR-12495","Beta","Billing","Crítica",41.4,573,1,"success"
"PR-12496","Beta","Frontend-UI","Media",161.21,1937,12,"rolled_back"
"PR-12497","Alpha","Core-API","Crítica",5,85,0,"success"
"PR-12498","Alpha","Billing","Media",6.08,10,0,"success"
"PR-12499","Alpha","Frontend-UI","Media",3,138,0,"success"
"PR-12500","Gamma","Billing","Alta",12.93,211,0,"success"
"PR-12501","Alpha","Frontend-UI","Alta",50.68,667,4,"success"
"PR-12502","Beta","Database","Crítica",1.44,10,0,"success"
"PR-12503","Delta","Billing","Alta",47,621,3,"failed"
"PR-12504","Alpha","Auth-Service","Alta",1.41,125,0,"success"
"PR-12505","Delta","Frontend-UI","Media",3,10,0,"success"
"PR-12506","Alpha","Billing","Media",1.66,153,0,"success"
"PR-12507","Gamma","Billing","Media",3.08,235,1,"success"
"PR-12508","Gamma","Core-API","Media",59,761,6,"failed"
"PR-12509","Beta","Core-API","Alta",279.67,3255,12,"failed"
"PR-12510","Delta","Core-API","Alta",4.1,382,3,"success"
"PR-12511","Alpha","Billing","Baja",84,1048,4,"success"
"PR-12512","Alpha","Core-API","Alta",1,10,0,"success"
"PR-12513","Alpha","Database","Alta",2,110,0,"success"
"PR-12514","Delta","Auth-Service","Media",4.18,275,1,"success"
"PR-12515","Alpha","Billing","Media",24,342,3,"success"
"PR-12516","Delta","Auth-Service","Alta",6.16,193,0,"success"
"PR-12517","Delta","Database","Crítica",54.26,605,3,"success"
"PR-12518","Delta","Frontend-UI","Media",1.72,10,0,"success"
"PR-12519","Delta","Billing","Alta",12.1,10,0,"success"
"PR-12520","Alpha","Billing","Media",69.06,943,2,"rolled_back"
"PR-12521","Beta","Database","Alta",52,548,1,"success"
"PR-12522","Alpha","Core-API","Baja",38.44,539,4,"failed"
"PR-12523","Delta","Billing","Alta",38,512,3,"failed"
"PR-12524","Beta","Frontend-UI","Crítica",6.72,209,2,"success"
"PR-12525","Alpha","Frontend-UI","Media",87,1096,3,"success"
"PR-12526","Alpha","Core-API","Baja",5.29,110,0,"success"
"PR-12527","Beta","Auth-Service","Media",7.99,182,1,"success"
"PR-12528","Alpha","Billing","Baja",1,10,0,"success"
"PR-12529","Alpha","Billing","Alta",4.25,74,0,"success"
"PR-12530","Delta","Frontend-UI","Baja",5.84,10,0,"success"
"PR-12531","Gamma","Auth-Service","Baja",1.84,28,0,"success"
"PR-12532","Delta","Core-API","Baja",2.17,124,0,"success"
"PR-12533","Beta","Database","Media",1,119,1,"success"
"PR-12534","Beta","Database","Baja",22,556,3,"success"
"PR-12535","Gamma","Core-API","Media",3,129,0,"success"
"PR-12536","Gamma","Auth-Service","Media",35,531,2,"failed"
"PR-12537","Delta","Frontend-UI","Media",13.43,311,1,"failed"
"PR-12538","Gamma","Frontend-UI","Baja",223.25,2642,10,"failed"
"PR-12539","Delta","Core-API","Media",10.95,191,0,"success"
"PR-12540","Alpha","Database","Media",94,1114,4,"success"
"PR-12541","Beta","Database","Media",78,1088,1,"rolled_back"
"PR-12542","Gamma","Core-API","Alta",72,981,5,"failed"
"PR-12543","Delta","Auth-Service","Alta",4,148,0,"success"
"PR-12544","Beta","Auth-Service","Crítica",9,211,0,"success"
"PR-12545","Delta","Database","Baja",6,10,0,"success"
"PR-12546","Beta","Frontend-UI","Media",2.24,220,3,"success"
"PR-12547","Alpha","Core-API","Crítica",49.87,653,1,"success"
"PR-12548","Gamma","Billing","Baja",8.52,98,0,"failed"
"PR-12549","Gamma","Database","Media",38,237,2,"success"
"PR-12550","Beta","Frontend-UI","Media",240.79,2965,9,"failed"
"PR-12551","Gamma","Core-API","Crítica",179,2041,5,"rolled_back"
"PR-12552","Delta","Auth-Service","Media",46,554,3,"success"
"PR-12553","Beta","Auth-Service","Media",57.99,903,6,"success"
"PR-12554","Gamma","Core-API","Media",8,189,2,"success"
"PR-12555","Beta","Billing","Alta",6.96,138,0,"success"
"PR-12556","Alpha","Billing","Media",1.25,10,0,"success"
"PR-12557","Alpha","Database","Baja",2.93,10,0,"success"
"PR-12558","Alpha","Database","Baja",9,290,1,"success"
"PR-12559","Gamma","Frontend-UI","Alta",3.44,265,0,"success"
"PR-12560","Beta","Billing","Alta",3.54,124,0,"success"
"PR-12561","Beta","Core-API","Crítica",39,573,7,"rolled_back"
"PR-12562","Alpha","Core-API","Baja",43,540,1,"success"
"PR-12563","Beta","Frontend-UI","Media",6,10,0,"success"
"PR-12564","Delta","Frontend-UI","Alta",4,10,0,"success"
"PR-12565","Beta","Auth-Service","Alta",27.36,272,1,"success"
"PR-12566","Delta","Frontend-UI","Crítica",56,748,1,"success"
"PR-12567","Beta","Core-API","Media",40.06,515,3,"failed"
"PR-12568","Alpha","Core-API","Baja",43.54,790,1,"success"
"PR-12569","Gamma","Auth-Service","Alta",2,103,0,"success"
"PR-12570","Beta","Core-API","Baja",4,34,1,"success"
"PR-12571","Alpha","Database","Media",3.41,201,3,"success"
"PR-12572","Beta","Auth-Service","Media",10,187,2,"success"
"PR-12573","Gamma","Billing","Baja",6.47,229,0,"success"
"PR-12574","Delta","Billing","Baja",5.35,284,2,"success"
"PR-12575","Beta","Database","Media",7.21,283,2,"success"
"PR-12576","Beta","Frontend-UI","Media",6,186,1,"success"
"PR-12577","Delta","Frontend-UI","Baja",20.85,115,0,"success"
"PR-12578","Alpha","Core-API","Media",67,838,2,"success"
"PR-12579","Alpha","Frontend-UI","Media",4.53,10,0,"failed"
"PR-12580","Delta","Frontend-UI","Media",2,116,0,"success"
"PR-12581","Gamma","Billing","Media",95.45,1182,7,"rolled_back"
"PR-12582","Beta","Database","Alta",62,1016,4,"success"
"PR-12583","Beta","Billing","Media",10.32,542,2,"success"
"PR-12584","Alpha","Core-API","Media",49.52,779,1,"success"
"PR-12585","Gamma","Database","Alta",0.37,153,0,"success"
"PR-12586","Delta","Billing","Crítica",24,396,2,"success"
"PR-12587","Delta","Auth-Service","Baja",3,67,1,"success"
"PR-12588","Beta","Auth-Service","Media",57,757,4,"rolled_back"
"PR-12589","Beta","Auth-Service","Media",4.66,10,0,"success"
"PR-12590","Gamma","Frontend-UI","Alta",308.1,3824,14,"success"
"PR-12591","Alpha","Auth-Service","Baja",4,90,1,"success"
"PR-12592","Gamma","Auth-Service","Media",9.5,356,2,"failed"
"PR-12593","Alpha","Core-API","Baja",4.58,180,0,"success"
"PR-12594","Delta","Frontend-UI","Baja",48,613,1,"failed"
"PR-12595","Gamma","Frontend-UI","Alta",39.85,442,1,"success"
"PR-12596","Beta","Database","Baja",75,1123,3,"success"
"PR-12597","Gamma","Auth-Service","Alta",7.82,36,0,"success"
"PR-12598","Beta","Billing","Media",4,161,1,"success"
"PR-12599","Beta","Core-API","Crítica",20,170,1,"success"
"PR-12600","Alpha","Auth-Service","Alta",55,590,0,"success"
"PR-12601","Alpha","Database","Alta",6.53,270,1,"success"
"PR-12602","Alpha","Core-API","Media",1,35,1,"success"
"PR-12603","Gamma","Database","Alta",5,90,1,"success"
"PR-12604","Gamma","Frontend-UI","Media",5,392,4,"success"
"PR-12605","Gamma","Frontend-UI","Alta",45.49,310,0,"success"
"PR-12606","Beta","Billing","Media",42,616,3,"failed"
"PR-12607","Alpha","Core-API","Media",10.96,206,0,"success"
"PR-12608","Delta","Auth-Service","Alta",74.71,745,3,"success"
"PR-12609","Alpha","Core-API","Alta",2,181,1,"rolled_back"
"PR-12610","Beta","Frontend-UI","Alta",6,28,0,"success"
"PR-12611","Gamma","Database","Media",50.8,378,1,"success"
"PR-12612","Gamma","Database","Media",75.85,891,6,"failed"
"PR-12613","Gamma","Auth-Service","Media",34.37,337,1,"success"
"PR-12614","Beta","Core-API","Crítica",3.68,177,0,"success"
"PR-12615","Delta","Frontend-UI","Media",4,10,0,"success"
"PR-12616","Delta","Auth-Service","Alta",40.81,665,3,"failed"
"PR-12617","Gamma","Frontend-UI","Media",44,608,3,"success"
"PR-12618","Beta","Billing","Media",8.43,29,0,"success"
"PR-12619","Gamma","Billing","Alta",42.36,296,0,"rolled_back"
"PR-12620","Beta","Core-API","Media",60.69,838,7,"rolled_back"
"PR-12621","Alpha","Frontend-UI","Baja",3.63,55,1,"success"
"PR-12622","Gamma","Frontend-UI","Baja",49,526,2,"success"
"PR-12623","Alpha","Database","Alta",88.63,1060,4,"rolled_back"
"PR-12624","Delta","Frontend-UI","Alta",18.77,319,1,"success"
"PR-12625","Beta","Frontend-UI","Media",3.61,10,0,"success"
"PR-12626","Delta","Frontend-UI","Media",11,194,0,"success"
"PR-12627","Gamma","Auth-Service","Media",42.71,659,1,"failed"
"PR-12628","Gamma","Database","Alta",83,1138,2,"success"
"PR-12629","Alpha","Auth-Service","Alta",2,10,0,"success"
"PR-12630","Delta","Auth-Service","Media",4,10,1,"success"
"PR-12631","Beta","Billing","Media",4,251,3,"rolled_back"
"PR-12632","Alpha","Frontend-UI","Baja",10,28,0,"success"
"PR-12633","Beta","Database","Alta",85.21,1103,2,"failed"
"PR-12634","Beta","Billing","Alta",34.14,542,1,"success"
"PR-12635","Delta","Core-API","Alta",59,894,2,"success"
"PR-12636","Gamma","Core-API","Media",2.84,10,1,"success"
"PR-12637","Beta","Database","Crítica",30,466,4,"success"
"PR-12638","Beta","Core-API","Media",7,205,2,"success"
"PR-12639","Gamma","Billing","Alta",36,456,1,"success"
"PR-12640","Alpha","Database","Media",4,302,2,"rolled_back"
"PR-12641","Beta","Database","Media",5.71,171,0,"success"
"PR-12642","Gamma","Core-API","Alta",5,190,0,"success"
"PR-12643","Alpha","Frontend-UI","Baja",1.33,75,0,"success"
"PR-12644","Beta","Billing","Baja",2.7,46,0,"success"
"PR-12645","Delta","Database","Baja",29,564,1,"success"
"PR-12646","Beta","Database","Media",1,10,0,"success"
"PR-12647","Gamma","Auth-Service","Alta",3.39,40,0,"rolled_back"
"PR-12648","Beta","Database","Crítica",6,125,0,"success"
"PR-12649","Gamma","Auth-Service","Media",5.01,36,0,"success"
"PR-12650","Gamma","Database","Baja",6.7,198,0,"success"
"PR-12651","Beta","Frontend-UI","Crítica",8,341,1,"success"
"PR-12652","Beta","Auth-Service","Baja",3.01,233,1,"success"
"PR-12653","Alpha","Billing","Alta",5,73,0,"success"
"PR-12654","Gamma","Database","Alta",54,422,2,"success"
"PR-12655","Beta","Frontend-UI","Alta",3.92,27,0,"rolled_back"
"PR-12656","Beta","Frontend-UI","Alta",35.32,172,0,"success"
"PR-12657","Alpha","Core-API","Media",4,195,0,"success"
"PR-12658","Gamma","Frontend-UI","Alta",1,196,0,"success"
"PR-12659","Beta","Database","Media",58.44,735,1,"success"
"PR-12660","Delta","Frontend-UI","Media",1.9,37,0,"rolled_back"
"PR-12661","Gamma","Auth-Service","Media",2.76,183,1,"success"
"PR-12662","Alpha","Auth-Service","Crítica",85,1015,5,"failed"
"PR-12663","Gamma","Frontend-UI","Media",6.38,29,0,"success"
"PR-12664","Delta","Billing","Media",44.45,694,5,"success"
"PR-12665","Delta","Billing","Crítica",1.15,58,0,"success"
"PR-12666","Gamma","Auth-Service","Baja",1.85,195,1,"success"
"PR-12667","Alpha","Core-API","Baja",36.64,461,0,"success"
"PR-12668","Beta","Auth-Service","Media",7.83,108,0,"success"
"PR-12669","Alpha","Frontend-UI","Media",7,10,0,"success"
"PR-12670","Beta","Database","Media",63.89,758,2,"failed"
"PR-12671","Alpha","Core-API","Alta",48,466,1,"rolled_back"
"PR-12672","Beta","Frontend-UI","Alta",5.87,10,0,"success"
"PR-12673","Gamma","Database","Media",4.25,125,0,"success"
"PR-12674","Gamma","Billing","Baja",2.28,10,0,"success"
"PR-12675","Gamma","Frontend-UI","Alta",2.27,62,0,"success"
"PR-12676","Alpha","Database","Media",24,306,0,"success"
"PR-12677","Alpha","Auth-Service","Crítica",2.93,118,1,"success"
"PR-12678","Gamma","Database","Baja",94,1139,4,"success"
"PR-12679","Delta","Core-API","Crítica",48,711,1,"success"
"PR-12680","Gamma","Frontend-UI","Alta",3.54,10,0,"success"
"PR-12681","Delta","Core-API","Alta",29.51,535,2,"success"
"PR-12682","Gamma","Billing","Media",8,287,3,"success"
"PR-12683","Alpha","Auth-Service","Media",6.13,168,1,"success"
"PR-12684","Gamma","Frontend-UI","Alta",4,307,0,"success"
"PR-12685","Gamma","Core-API","Media",4,10,0,"success"
"PR-12686","Alpha","Auth-Service","Baja",3.6,146,1,"success"
"PR-12687","Gamma","Database","Media",6,170,0,"success"
"PR-12688","Delta","Frontend-UI","Media",8,10,0,"success"
"PR-12689","Delta","Core-API","Media",23.17,336,3,"success"
"PR-12690","Alpha","Core-API","Alta",0.93,10,0,"success"
"PR-12691","Delta","Billing","Baja",88,1127,2,"failed"
"PR-12692","Alpha","Frontend-UI","Media",4,23,0,"success"
"PR-12693","Beta","Database","Media",7,96,0,"success"
"PR-12694","Beta","Database","Media",46,679,0,"success"
"PR-12695","Delta","Billing","Baja",1.63,10,0,"success"
"PR-12696","Delta","Core-API","Alta",6,39,0,"success"
"PR-12697","Delta","Frontend-UI","Baja",7.17,120,1,"success"
"PR-12698","Alpha","Database","Alta",3,191,2,"success"
"PR-12699","Alpha","Auth-Service","Alta",4,180,0,"success"
"PR-12700","Beta","Auth-Service","Alta",4,122,1,"success"
"PR-12701","Delta","Billing","Alta",48,575,0,"success"
"PR-12702","Delta","Auth-Service","Alta",66,785,4,"failed"
"PR-12703","Beta","Billing","Media",29,285,1,"success"
"PR-12704","Alpha","Core-API","Alta",96,1091,7,"success"
"PR-12705","Alpha","Frontend-UI","Media",35.83,452,3,"success"
"PR-12706","Beta","Frontend-UI","Media",7.01,242,1,"success"
"PR-12707","Alpha","Billing","Media",2,136,1,"success"
"PR-12708","Delta","Auth-Service","Crítica",1.99,134,1,"success"
"PR-12709","Alpha","Auth-Service","Alta",4,95,0,"success"
"PR-12710","Gamma","Core-API","Media",83.57,1111,6,"success"
"PR-12711","Delta","Core-API","Baja",4,89,1,"success"
"PR-12712","Alpha","Database","Alta",64.78,834,3,"failed"
"PR-12713","Beta","Database","Media",3.33,98,0,"success"
"PR-12714","Beta","Billing","Crítica",7.8,129,0,"success"
"PR-12715","Alpha","Core-API","Media",2.17,171,0,"success"
"PR-12716","Delta","Billing","Alta",5,174,0,"success"
"PR-12717","Alpha","Database","Media",4,31,0,"success"
"PR-12718","Alpha","Core-API","Alta",3.6,20,1,"rolled_back"
"PR-12719","Beta","Billing","Media",7.34,200,2,"failed"
"PR-12720","Gamma","Billing","Baja",2,10,1,"success"
"PR-12721","Alpha","Database","Crítica",70.23,992,4,"success"
"PR-12722","Alpha","Billing","Media",4,195,2,"rolled_back"
"PR-12723","Alpha","Core-API","Alta",2.15,130,0,"success"
"PR-12724","Alpha","Database","Media",3,198,1,"success"
"PR-12725","Alpha","Core-API","Baja",53.36,401,4,"success"
"PR-12726","Alpha","Database","Baja",4.87,21,0,"success"
"PR-12727","Beta","Database","Media",46,638,3,"success"
"PR-12728","Delta","Billing","Media",3.46,10,0,"success"
"PR-12729","Alpha","Auth-Service","Media",2.86,401,1,"success"
"PR-12730","Gamma","Auth-Service","Media",40.69,516,1,"success"
"PR-12731","Beta","Core-API","Baja",8.67,147,1,"success"
"PR-12732","Gamma","Core-API","Baja",72.39,953,3,"success"
"PR-12733","Beta","Auth-Service","Alta",25,406,4,"success"
"PR-12734","Beta","Auth-Service","Media",5.44,10,0,"success"
"PR-12735","Alpha","Auth-Service","Baja",3,177,0,"failed"
"PR-12736","Beta","Auth-Service","Media",101.21,1368,2,"failed"
"PR-12737","Gamma","Frontend-UI","Baja",35.62,431,1,"success"
"PR-12738","Delta","Auth-Service","Media",1.42,310,0,"success"
"PR-12739","Beta","Core-API","Media",5,244,0,"success"
"PR-12740","Alpha","Core-API","Media",6.14,229,0,"success"
"PR-12741","Gamma","Frontend-UI","Media",1,209,0,"success"
"PR-12742","Gamma","Core-API","Media",40,592,4,"failed"
"PR-12743","Gamma","Frontend-UI","Media",8.01,31,0,"success"
"PR-12744","Gamma","Core-API","Alta",37,756,4,"success"
"PR-12745","Delta","Database","Alta",8.07,79,1,"success"
"PR-12746","Delta","Database","Crítica",24,342,2,"success"
"PR-12747","Gamma","Frontend-UI","Alta",46,823,5,"rolled_back"
"PR-12748","Beta","Auth-Service","Alta",11.12,106,1,"success"
"PR-12749","Beta","Database","Media",68,579,2,"success"
"PR-12750","Beta","Database","Media",4.96,10,0,"failed"
"PR-12751","Delta","Frontend-UI","Alta",1,147,1,"success"
"PR-12752","Delta","Frontend-UI","Baja",1,282,1,"success"
"PR-12753","Gamma","Billing","Alta",94.28,1139,4,"success"
"PR-12754","Delta","Frontend-UI","Baja",6.53,141,0,"success"
"PR-12755","Gamma","Billing","Media",3.64,150,0,"success"
"PR-12756","Delta","Database","Crítica",16.47,291,0,"success"
"PR-12757","Beta","Billing","Alta",44.24,660,5,"success"
"PR-12758","Gamma","Frontend-UI","Alta",48,528,2,"success"
"PR-12759","Beta","Database","Baja",1,182,0,"failed"
"PR-12760","Gamma","Frontend-UI","Alta",2,10,1,"success"
"PR-12761","Delta","Frontend-UI","Baja",9.42,298,1,"success"
"PR-12762","Delta","Database","Media",3,10,1,"success"
"PR-12763","Alpha","Auth-Service","Media",2.82,10,0,"success"
"PR-12764","Gamma","Billing","Media",3,10,1,"success"
"PR-12765","Gamma","Frontend-UI","Media",1,85,0,"success"
"PR-12766","Alpha","Auth-Service","Baja",45,437,0,"success"
"PR-12767","Gamma","Frontend-UI","Media",1,77,3,"failed"
"PR-12768","Beta","Auth-Service","Media",3.89,41,0,"success"
"PR-12769","Alpha","Billing","Alta",53,738,2,"success"
"PR-12770","Alpha","Core-API","Baja",183,2085,3,"failed"
"PR-12771","Alpha","Database","Alta",1,10,1,"success"
"PR-12772","Alpha","Billing","Media",37.83,435,2,"success"
"PR-12773","Delta","Database","Alta",45,434,0,"success"
"PR-12774","Beta","Database","Media",3,12,1,"success"
"PR-12775","Gamma","Core-API","Media",55,920,3,"failed"
"PR-12776","Delta","Billing","Alta",2,10,0,"success"
"PR-12777","Gamma","Core-API","Media",1.54,169,0,"success"
"PR-12778","Delta","Billing","Baja",0,213,0,"success"
"PR-12779","Beta","Core-API","Media",39,555,0,"success"
"PR-12780","Delta","Auth-Service","Baja",52,839,5,"failed"
"PR-12781","Alpha","Auth-Service","Alta",2,207,2,"failed"
"PR-12782","Beta","Database","Media",1,10,0,"success"
"PR-12783","Alpha","Billing","Alta",0,10,0,"success"
"PR-12784","Beta","Core-API","Media",1.55,103,1,"success"
"PR-12785","Alpha","Billing","Media",68.96,681,4,"failed"
"PR-12786","Alpha","Billing","Baja",287,3591,10,"success"
"PR-12787","Delta","Frontend-UI","Crítica",39,659,5,"failed"
"PR-12788","Alpha","Frontend-UI","Baja",2,59,0,"success"
"PR-12789","Gamma","Database","Alta",8.33,108,1,"success"
"PR-12790","Beta","Auth-Service","Alta",7,331,2,"success"
"PR-12791","Alpha","Database","Media",7.03,295,3,"success"
"PR-12792","Delta","Auth-Service","Alta",54,878,3,"failed"
"PR-12793","Alpha","Frontend-UI","Alta",8,299,1,"success"
"PR-12794","Alpha","Core-API","Media",3,10,0,"success"
"PR-12795","Gamma","Database","Media",8,227,0,"success"
"PR-12796","Alpha","Core-API","Baja",2.93,10,0,"success"
"PR-12797","Alpha","Billing","Baja",5.99,74,1,"success"
"PR-12798","Alpha","Auth-Service","Baja",9,152,0,"success"
"PR-12799","Alpha","Core-API","Baja",39.58,421,2,"success"
"PR-12800","Alpha","Frontend-UI","Media",73,701,2,"success"
"PR-12801","Delta","Frontend-UI","Baja",7,10,0,"success"
"PR-12802","Alpha","Auth-Service","Media",49,626,1,"failed"
"PR-12803","Beta","Billing","Media",3.88,10,0,"success"
"PR-12804","Alpha","Database","Alta",5.07,234,1,"success"
"PR-12805","Delta","Auth-Service","Alta",5,167,0,"success"
"PR-12806","Delta","Database","Media",1,129,1,"success"
"PR-12807","Beta","Core-API","Media",63,736,1,"success"
"PR-12808","Beta","Core-API","Media",53,438,1,"failed"
"PR-12809","Gamma","Database","Media",2.29,145,1,"success"
"PR-12810","Beta","Database","Media",72,934,6,"success"
"PR-12811","Delta","Core-API","Media",8,173,0,"success"
"PR-12812","Gamma","Auth-Service","Alta",48,662,5,"success"
"PR-12813","Gamma","Auth-Service","Alta",3.05,69,0,"success"
"PR-12814","Alpha","Core-API","Media",24,343,2,"success"
"PR-12815","Delta","Core-API","Alta",36.82,681,2,"success"
"PR-12816","Delta","Auth-Service","Media",5,234,3,"success"
"PR-12817","Alpha","Billing","Alta",2,10,0,"success"
"PR-12818","Alpha","Database","Baja",3,39,0,"success"
"PR-12819","Gamma","Auth-Service","Baja",48,757,7,"rolled_back"
"PR-12820","Beta","Database","Baja",1.43,10,1,"success"
"PR-12821","Delta","Frontend-UI","Media",45,477,0,"failed"
"PR-12822","Beta","Billing","Alta",4.46,87,0,"success"
"PR-12823","Delta","Auth-Service","Alta",4.36,91,0,"success"
"PR-12824","Delta","Core-API","Media",0,111,0,"success"
"PR-12825","Alpha","Database","Alta",16,10,0,"success"
"PR-12826","Gamma","Database","Media",13,218,1,"success"
"PR-12827","Alpha","Billing","Baja",93.89,1143,5,"rolled_back"
"PR-12828","Gamma","Core-API","Baja",58,951,2,"success"
"PR-12829","Gamma","Core-API","Crítica",36.94,533,1,"success"
"PR-12830","Gamma","Database","Baja",3.87,59,0,"success"
"PR-12831","Delta","Database","Baja",93,1390,3,"rolled_back"
"PR-12832","Alpha","Core-API","Media",60.14,944,2,"rolled_back"
"PR-12833","Gamma","Database","Baja",33,432,2,"failed"
"PR-12834","Gamma","Billing","Alta",7,181,0,"success"
"PR-12835","Gamma","Database","Alta",113.01,1254,9,"success"
"PR-12836","Beta","Database","Alta",3.06,329,3,"failed"
"PR-12837","Alpha","Core-API","Baja",56,877,3,"failed"
"PR-12838","Alpha","Auth-Service","Baja",2,155,0,"success"
"PR-12839","Alpha","Database","Crítica",4.57,304,0,"failed"
"PR-12840","Beta","Billing","Alta",2,204,2,"failed"
"PR-12841","Delta","Auth-Service","Crítica",1,94,0,"success"
"PR-12842","Beta","Frontend-UI","Baja",3,67,0,"success"
"PR-12843","Beta","Database","Media",6,10,0,"success"
"PR-12844","Beta","Database","Media",1,90,0,"success"
"PR-12845","Beta","Core-API","Media",6,135,0,"success"
"PR-12846","Gamma","Auth-Service","Media",5,203,1,"success"
"PR-12847","Alpha","Auth-Service","Alta",5,342,1,"rolled_back"
"PR-12848","Delta","Frontend-UI","Baja",27.54,374,2,"success"
"PR-12849","Beta","Frontend-UI","Alta",3,10,0,"success"
"PR-12850","Beta","Frontend-UI","Baja",1.44,305,0,"success"
"PR-12851","Delta","Auth-Service","Baja",45.81,579,0,"success"
"PR-12852","Beta","Auth-Service","Baja",57.09,718,4,"rolled_back"
"PR-12853","Beta","Frontend-UI","Baja",3.98,252,2,"success"
"PR-12854","Beta","Database","Alta",2,113,0,"success"
"PR-12855","Gamma","Billing","Media",35,540,2,"success"
"PR-12856","Beta","Billing","Baja",6.96,190,0,"success"
"PR-12857","Beta","Billing","Baja",47.91,610,2,"failed"
"PR-12858","Gamma","Core-API","Media",11,243,0,"success"
"PR-12859","Alpha","Core-API","Alta",280.79,3310,10,"failed"
"PR-12860","Alpha","Billing","Alta",6,202,0,"success"
"PR-12861","Delta","Frontend-UI","Baja",4.52,276,1,"success"
"PR-12862","Alpha","Auth-Service","Media",1.3,66,0,"success"
"PR-12863","Gamma","Core-API","Media",2.38,168,0,"rolled_back"
"PR-12864","Delta","Frontend-UI","Crítica",8,10,1,"success"
"PR-12865","Alpha","Billing","Baja",54.72,582,3,"failed"
"PR-12866","Alpha","Frontend-UI","Media",43,625,2,"success"
"PR-12867","Gamma","Database","Alta",2,117,0,"success"
"PR-12868","Gamma","Billing","Media",2,69,0,"success"
"PR-12869","Beta","Core-API","Media",3.93,10,0,"success"
"PR-12870","Alpha","Core-API","Media",52,796,3,"failed"
"PR-12871","Gamma","Frontend-UI","Baja",8,373,1,"success"
"PR-12872","Beta","Core-API","Baja",67,934,4,"failed"
"PR-12873","Delta","Database","Alta",72,863,3,"rolled_back"
"PR-12874","Alpha","Auth-Service","Crítica",5,89,1,"success"
"PR-12875","Gamma","Auth-Service","Media",2,177,1,"success"
"PR-12876","Delta","Billing","Media",46,559,6,"success"
"PR-12877","Gamma","Billing","Media",5.18,154,0,"success"
"PR-12878","Beta","Core-API","Alta",40,572,1,"success"
"PR-12879","Beta","Billing","Baja",85,738,2,"success"
"PR-12880","Alpha","Billing","Alta",7.85,83,0,"success"
"PR-12881","Beta","Frontend-UI","Media",6,141,1,"success"
"PR-12882","Delta","Frontend-UI","Media",3,84,0,"success"
"PR-12883","Alpha","Frontend-UI","Baja",0.49,96,0,"success"
"PR-12884","Alpha","Core-API","Media",6.69,23,2,"success"
"PR-12885","Gamma","Database","Baja",5,83,0,"success"
"PR-12886","Gamma","Auth-Service","Media",34.13,471,3,"rolled_back"
"PR-12887","Beta","Billing","Media",4.77,15,0,"success"
"PR-12888","Alpha","Billing","Baja",0.33,149,1,"success"
"PR-12889","Beta","Frontend-UI","Alta",37,569,2,"success"
"PR-12890","Alpha","Core-API","Media",7,17,0,"success"
"PR-12891","Delta","Core-API","Media",3,373,2,"rolled_back"
"PR-12892","Beta","Core-API","Media",30.43,522,2,"success"
"PR-12893","Alpha","Core-API","Alta",24,326,1,"success"
"PR-12894","Gamma","Billing","Alta",2.9,97,0,"success"
"PR-12895","Beta","Frontend-UI","Media",15.06,274,0,"success"
"PR-12896","Alpha","Frontend-UI","Baja",6,269,1,"rolled_back"
"PR-12897","Delta","Frontend-UI","Alta",20.61,304,1,"success"
"PR-12898","Gamma","Auth-Service","Media",6,147,0,"success"
"PR-12899","Alpha","Frontend-UI","Media",41,428,2,"success"
"PR-12900","Alpha","Core-API","Baja",3.94,17,0,"success"
"PR-12901","Alpha","Database","Alta",66,817,4,"rolled_back"
"PR-12902","Beta","Billing","Media",0.95,10,1,"success"
"PR-12903","Beta","Auth-Service","Media",30,474,3,"failed"
"PR-12904","Gamma","Billing","Media",61,869,6,"rolled_back"
"PR-12905","Gamma","Auth-Service","Alta",4,79,1,"success"
"PR-12906","Alpha","Billing","Baja",5,10,0,"success"
"PR-12907","Beta","Frontend-UI","Media",4.79,208,0,"success"
"PR-12908","Gamma","Core-API","Alta",3,174,2,"success"
"PR-12909","Alpha","Core-API","Media",4.1,10,0,"success"
"PR-12910","Delta","Billing","Media",43.57,548,4,"success"
"PR-12911","Delta","Database","Media",2,250,1,"success"
"PR-12912","Gamma","Auth-Service","Media",2.3,21,0,"success"
"PR-12913","Gamma","Database","Alta",1.81,10,0,"success"
"PR-12914","Delta","Frontend-UI","Baja",4.8,61,0,"success"
"PR-12915","Gamma","Frontend-UI","Media",72.58,811,7,"failed"
"PR-12916","Beta","Auth-Service","Media",2,10,0,"success"
"PR-12917","Beta","Database","Baja",48,590,1,"rolled_back"
"PR-12918","Delta","Frontend-UI","Alta",1.07,77,0,"success"
"PR-12919","Beta","Core-API","Alta",4.4,377,1,"success"
"PR-12920","Beta","Auth-Service","Media",8,169,0,"success"
"PR-12921","Gamma","Database","Baja",104.19,1437,6,"rolled_back"
"PR-12922","Alpha","Frontend-UI","Baja",3,160,1,"success"
"PR-12923","Delta","Frontend-UI","Alta",23,314,1,"failed"
"PR-12924","Gamma","Auth-Service","Alta",3.21,10,0,"success"
"PR-12925","Alpha","Core-API","Alta",2,10,0,"success"
"PR-12926","Delta","Billing","Media",6,10,0,"success"
"PR-12927","Gamma","Core-API","Media",8,10,2,"success"
"PR-12928","Beta","Database","Baja",65.7,757,3,"failed"
"PR-12929","Gamma","Auth-Service","Alta",59.39,897,6,"success"
"PR-12930","Gamma","Billing","Baja",4.36,97,1,"rolled_back"
"PR-12931","Beta","Frontend-UI","Crítica",1,164,0,"success"
"PR-12932","Gamma","Billing","Baja",106.47,1348,3,"failed"
"PR-12933","Beta","Auth-Service","Crítica",24,519,1,"success"
"PR-12934","Alpha","Frontend-UI","Media",3.42,123,0,"success"
"PR-12935","Alpha","Frontend-UI","Baja",5.18,10,0,"success"
"PR-12936","Delta","Auth-Service","Alta",0.59,10,1,"success"
"PR-12937","Alpha","Database","Baja",42,512,3,"rolled_back"
"PR-12938","Delta","Core-API","Alta",2.75,10,0,"success"
"PR-12939","Delta","Frontend-UI","Alta",220,2645,7,"failed"
"PR-12940","Alpha","Database","Baja",28.86,404,1,"success"
"PR-12941","Gamma","Frontend-UI","Media",124.81,1480,5,"failed"
"PR-12942","Alpha","Auth-Service","Media",4,10,1,"success"
"PR-12943","Gamma","Core-API","Media",3,170,0,"success"
"PR-12944","Alpha","Frontend-UI","Crítica",8.26,167,1,"success"
"PR-12945","Gamma","Billing","Media",35,684,3,"failed"
"PR-12946","Alpha","Auth-Service","Media",1,192,0,"success"
"PR-12947","Beta","Auth-Service","Alta",7.65,255,2,"success"
"PR-12948","Beta","Frontend-UI","Media",300,3784,14,"rolled_back"
"PR-12949","Delta","Auth-Service","Alta",21,252,1,"success"
"PR-12950","Beta","Core-API","Baja",21,10,0,"failed"
"PR-12951","Gamma","Core-API","Crítica",2,20,0,"success"
"PR-12952","Beta","Billing","Alta",23.54,387,1,"rolled_back"
"PR-12953","Beta","Billing","Alta",3.5,74,1,"success"
"PR-12954","Alpha","Billing","Alta",2,87,0,"success"
"PR-12955","Alpha","Frontend-UI","Media",5.42,303,1,"rolled_back"
"PR-12956","Alpha","Auth-Service","Media",71.52,1093,7,"failed"
"PR-12957","Delta","Auth-Service","Crítica",3.61,144,2,"success"
"PR-12958","Gamma","Frontend-UI","Media",8,220,2,"success"
"PR-12959","Beta","Auth-Service","Alta",4.11,10,0,"success"
"PR-12960","Gamma","Auth-Service","Baja",4,129,0,"success"
"PR-12961","Alpha","Auth-Service","Alta",248,3005,15,"success"
"PR-12962","Gamma","Auth-Service","Crítica",1.73,231,1,"success"
"PR-12963","Gamma","Billing","Baja",5,24,0,"success"
"PR-12964","Beta","Auth-Service","Alta",64,679,3,"success"
"PR-12965","Gamma","Auth-Service","Crítica",5.41,83,0,"success"
"PR-12966","Alpha","Auth-Service","Baja",32.85,259,0,"success"
"PR-12967","Gamma","Auth-Service","Crítica",51,411,2,"success"
"PR-12968","Beta","Core-API","Media",5.24,188,1,"failed"
"PR-12969","Delta","Frontend-UI","Media",1.89,10,0,"success"
"PR-12970","Gamma","Frontend-UI","Crítica",2,146,0,"success"
"PR-12971","Beta","Auth-Service","Media",2,150,1,"success"
"PR-12972","Delta","Auth-Service","Media",7,124,0,"success"
"PR-12973","Delta","Database","Baja",7.97,144,1,"success"
"PR-12974","Beta","Frontend-UI","Baja",56,809,4,"success"
"PR-12975","Gamma","Auth-Service","Alta",49.73,558,1,"success"
"PR-12976","Beta","Frontend-UI","Crítica",1.82,76,0,"success"
"PR-12977","Beta","Database","Media",3,135,1,"success"
"PR-12978","Gamma","Database","Media",53.66,463,2,"failed"
"PR-12979","Delta","Core-API","Alta",6,10,0,"success"
"PR-12980","Gamma","Database","Media",57.18,889,0,"failed"
"PR-12981","Delta","Core-API","Media",36.87,494,0,"success"
"PR-12982","Beta","Core-API","Media",8.04,10,0,"success"
"PR-12983","Alpha","Database","Alta",29.73,485,3,"failed"
"PR-12984","Delta","Core-API","Alta",3,133,0,"success"
"PR-12985","Alpha","Auth-Service","Baja",0,69,0,"success"
"PR-12986","Beta","Auth-Service","Alta",3,171,0,"success"
"PR-12987","Beta","Auth-Service","Alta",89.44,1263,4,"success"
"PR-12988","Delta","Billing","Media",72,929,4,"failed"
"PR-12989","Alpha","Billing","Baja",1.38,145,2,"success"
"PR-12990","Beta","Frontend-UI","Baja",4.39,10,0,"success"
"PR-12991","Delta","Frontend-UI","Baja",7,407,0,"success"
"PR-12992","Delta","Auth-Service","Baja",7,50,0,"success"
"PR-12993","Gamma","Database","Media",48,637,3,"success"
"PR-12994","Gamma","Billing","Baja",32.26,190,1,"success"
"PR-12995","Delta","Billing","Media",1,10,0,"success"
"PR-12996","Beta","Billing","Media",2,240,1,"success"
"PR-12997","Alpha","Auth-Service","Media",35.37,382,2,"failed"
"PR-12998","Alpha","Database","Media",59,702,3,"failed"
"PR-12999","Delta","Auth-Service","Crítica",1,174,0,"success"
"PR-13000","Beta","Billing","Alta",2.55,10,0,"success"
"PR-13001","Gamma","Database","Baja",3,258,2,"success"
"PR-13002","Gamma","Core-API","Baja",30.77,387,3,"success"
"PR-13003","Beta","Auth-Service","Crítica",9.1,10,0,"success"
"PR-13004","Delta","Billing","Baja",7.1,259,1,"rolled_back"
"PR-13005","Gamma","Auth-Service","Alta",4,10,0,"success"
"PR-13006","Beta","Frontend-UI","Baja",0.95,10,0,"success"
"PR-13007","Alpha","Core-API","Alta",1.16,219,2,"success"
"PR-13008","Beta","Core-API","Alta",72,716,2,"success"
"PR-13009","Beta","Database","Alta",10.17,10,0,"success"
"PR-13010","Beta","Database","Baja",4,125,0,"failed"
"PR-13011","Alpha","Auth-Service","Baja",6,32,0,"success"
"PR-13012","Delta","Database","Media",6,281,3,"rolled_back"
"PR-13013","Alpha","Frontend-UI","Alta",5.59,82,0,"success"
"PR-13014","Beta","Database","Alta",4,10,0,"success"
"PR-13015","Delta","Billing","Media",10.52,185,0,"success"
"PR-13016","Gamma","Auth-Service","Baja",33.14,555,3,"success"
"PR-13017","Delta","Auth-Service","Baja",0.78,10,0,"success"
"PR-13018","Gamma","Database","Media",70.37,1038,5,"failed"
"PR-13019","Alpha","Core-API","Alta",1.37,155,0,"success"
"PR-13020","Delta","Frontend-UI","Baja",3,10,0,"success"
"PR-13021","Delta","Billing","Alta",45.89,447,3,"success"
"PR-13022","Gamma","Core-API","Alta",46.87,417,3,"success"
"PR-13023","Alpha","Database","Media",24.98,353,2,"success"
"PR-13024","Beta","Auth-Service","Media",5.16,291,1,"success"
"PR-13025","Delta","Billing","Media",3,10,0,"success"
"PR-13026","Gamma","Frontend-UI","Alta",73,966,3,"success"
"PR-13027","Gamma","Database","Crítica",8,226,0,"success"
"PR-13028","Gamma","Database","Baja",5,21,0,"success"
"PR-13029","Gamma","Frontend-UI","Media",65,980,1,"success"
"PR-13030","Delta","Frontend-UI","Media",5.16,197,2,"success"
"PR-13031","Alpha","Billing","Media",1,110,0,"success"
"PR-13032","Alpha","Auth-Service","Media",4,235,0,"success"
"PR-13033","Delta","Billing","Alta",3,191,2,"success"
"PR-13034","Alpha","Frontend-UI","Media",43,501,4,"success"
"PR-13035","Delta","Core-API","Alta",4.73,227,2,"success"
"PR-13036","Alpha","Database","Media",10,293,0,"success"
"PR-13037","Beta","Billing","Alta",6,307,1,"success"
"PR-13038","Beta","Auth-Service","Media",40.22,521,1,"success"
"PR-13039","Alpha","Database","Media",2,59,0,"success"
"PR-13040","Beta","Frontend-UI","Baja",7,260,0,"success"
"PR-13041","Alpha","Database","Media",42,361,1,"success"
"PR-13042","Delta","Core-API","Media",4.47,81,0,"success"
"PR-13043","Alpha","Database","Baja",66,827,3,"success"
"PR-13044","Gamma","Billing","Media",1,68,0,"success"
"PR-13045","Beta","Billing","Media",2.45,10,0,"success"
"PR-13046","Gamma","Auth-Service","Alta",5,10,0,"success"
"PR-13047","Beta","Database","Baja",3,10,0,"success"
"PR-13048","Beta","Frontend-UI","Baja",254.01,3116,13,"success"
"PR-13049","Gamma","Database","Media",1,17,0,"success"
"PR-13050","Alpha","Auth-Service","Media",54,745,4,"failed"
"PR-13051","Alpha","Billing","Media",1.62,11,0,"success"
"PR-13052","Beta","Core-API","Media",0.95,49,0,"success"
"PR-13053","Beta","Auth-Service","Alta",2.78,10,0,"success"
"PR-13054","Delta","Database","Baja",9.81,290,2,"success"
"PR-13055","Delta","Core-API","Alta",10.96,125,0,"success"
"PR-13056","Alpha","Frontend-UI","Media",81.71,903,3,"success"
"PR-13057","Beta","Frontend-UI","Crítica",57,954,2,"success"
"PR-13058","Alpha","Database","Alta",4.19,97,0,"success"
"PR-13059","Alpha","Billing","Alta",6,103,0,"success"
"PR-13060","Delta","Frontend-UI","Media",39.48,592,2,"failed"
"PR-13061","Gamma","Frontend-UI","Media",68.31,1170,10,"failed"
"PR-13062","Alpha","Core-API","Alta",8.95,10,0,"success"
"PR-13063","Alpha","Billing","Media",43.37,401,1,"success"
"PR-13064","Gamma","Billing","Media",7,101,1,"success"
"PR-13065","Alpha","Auth-Service","Alta",4.08,283,2,"rolled_back"
"PR-13066","Gamma","Core-API","Alta",34,430,2,"success"
"PR-13067","Delta","Core-API","Media",51,749,1,"failed"
"PR-13068","Delta","Billing","Alta",35,518,2,"success"
"PR-13069","Alpha","Database","Media",6,333,1,"success"
"PR-13070","Alpha","Frontend-UI","Alta",1,80,1,"success"
"PR-13071","Gamma","Auth-Service","Baja",5.81,10,1,"success"
"PR-13072","Alpha","Auth-Service","Alta",6,67,1,"failed"
"PR-13073","Delta","Frontend-UI","Baja",4.71,86,1,"success"
"PR-13074","Beta","Billing","Media",68,791,1,"rolled_back"
"PR-13075","Alpha","Billing","Alta",4,10,0,"success"
"PR-13076","Delta","Auth-Service","Alta",54.83,660,5,"success"
"PR-13077","Alpha","Core-API","Media",6,48,0,"success"
"PR-13078","Beta","Core-API","Alta",4.6,220,1,"rolled_back"
"PR-13079","Delta","Core-API","Baja",3.11,65,1,"success"
"PR-13080","Gamma","Database","Media",38.65,500,2,"rolled_back"
"PR-13081","Delta","Billing","Media",3,40,0,"success"
"PR-13082","Beta","Database","Baja",4.48,10,0,"success"
"PR-13083","Beta","Core-API","Alta",40,563,1,"success"
"PR-13084","Alpha","Core-API","Media",3,194,1,"rolled_back"
"PR-13085","Delta","Auth-Service","Alta",6.53,282,2,"success"
"PR-13086","Gamma","Billing","Media",4.1,27,0,"success"
"PR-13087","Alpha","Billing","Baja",184.16,2221,5,"failed"
"PR-13088","Beta","Database","Media",8,225,0,"success"
"PR-13089","Beta","Core-API","Alta",66.46,835,4,"success"
"PR-13090","Delta","Core-API","Crítica",150,1966,9,"failed"
"PR-13091","Gamma","Database","Alta",48,464,0,"success"
"PR-13092","Alpha","Billing","Alta",2.5,10,0,"success"
"PR-13093","Delta","Core-API","Alta",4.86,35,0,"success"
"PR-13094","Gamma","Database","Crítica",291.81,3436,12,"success"
"PR-13095","Beta","Database","Crítica",3,10,0,"success"
"PR-13096","Delta","Auth-Service","Media",51,848,2,"failed"
"PR-13097","Alpha","Core-API","Media",4,120,0,"success"
"PR-13098","Alpha","Database","Media",86,1103,5,"success"
"PR-13099","Beta","Auth-Service","Alta",2,277,0,"success"
"PR-13100","Delta","Core-API","Alta",5,279,0,"success"
"PR-13101","Alpha","Database","Media",37.01,430,3,"success"
"PR-13102","Delta","Database","Media",7.1,324,0,"success"
"PR-13103","Delta","Billing","Media",2,10,0,"success"
"PR-13104","Beta","Database","Alta",51.65,637,3,"failed"
"PR-13105","Gamma","Core-API","Media",4.88,10,0,"success"
"PR-13106","Delta","Database","Alta",2.38,202,0,"success"
"PR-13107","Delta","Auth-Service","Baja",13,303,3,"failed"
"PR-13108","Alpha","Billing","Crítica",3,22,0,"success"
"PR-13109","Gamma","Database","Baja",45.28,916,2,"success"
"PR-13110","Delta","Frontend-UI","Baja",63.45,746,3,"rolled_back"
"PR-13111","Beta","Database","Alta",4,10,0,"success"
"PR-13112","Beta","Frontend-UI","Media",6,90,0,"success"
"PR-13113","Alpha","Frontend-UI","Media",23.04,346,1,"success"
"PR-13114","Beta","Database","Media",5.52,233,1,"success"
"PR-13115","Alpha","Database","Alta",37,494,4,"success"
"PR-13116","Delta","Auth-Service","Crítica",8.12,34,0,"success"
"PR-13117","Beta","Billing","Media",45.89,677,0,"success"
"PR-13118","Alpha","Core-API","Media",49,674,5,"failed"
"PR-13119","Beta","Billing","Media",7,104,0,"success"
"PR-13120","Delta","Frontend-UI","Media",40.36,741,2,"success"
"PR-13121","Gamma","Frontend-UI","Alta",2,10,0,"success"
"PR-13122","Alpha","Database","Media",3,84,0,"success"
"PR-13123","Alpha","Billing","Alta",43.5,544,2,"success"
"PR-13124","Beta","Billing","Crítica",1,102,0,"success"
"PR-13125","Alpha","Auth-Service","Crítica",40,618,1,"success"
"PR-13126","Alpha","Database","Media",98,1107,6,"success"
"PR-13127","Delta","Database","Media",3.9,20,0,"success"
"PR-13128","Delta","Billing","Alta",5,304,0,"success"
"PR-13129","Beta","Billing","Crítica",54,523,2,"success"
"PR-13130","Alpha","Billing","Media",3,31,2,"success"
"PR-13131","Alpha","Billing","Alta",41,524,0,"success"
"PR-13132","Alpha","Database","Media",2,10,0,"success"
"PR-13133","Delta","Core-API","Media",5.03,10,1,"success"
"PR-13134","Delta","Core-API","Alta",4,48,0,"success"
"PR-13135","Alpha","Frontend-UI","Alta",8,27,0,"success"
"PR-13136","Alpha","Database","Media",42,503,1,"failed"
"PR-13137","Beta","Billing","Media",42,557,2,"success"
"PR-13138","Beta","Core-API","Alta",54.83,611,3,"success"
"PR-13139","Gamma","Database","Media",2.39,45,1,"success"
"PR-13140","Gamma","Billing","Crítica",7.96,10,0,"success"
"PR-13141","Alpha","Auth-Service","Baja",1,170,0,"success"
"PR-13142","Alpha","Core-API","Media",64.23,572,1,"rolled_back"
"PR-13143","Gamma","Database","Alta",72,979,3,"failed"
"PR-13144","Beta","Billing","Alta",29,480,2,"success"
"PR-13145","Delta","Core-API","Alta",26.4,296,1,"success"
"PR-13146","Gamma","Database","Baja",4.28,61,0,"success"
"PR-13147","Delta","Frontend-UI","Crítica",33.66,432,0,"success"
"PR-13148","Alpha","Billing","Media",1.61,66,0,"failed"
"PR-13149","Beta","Core-API","Media",1,54,0,"success"
"PR-13150","Delta","Core-API","Baja",5.57,162,1,"failed"
"PR-13151","Alpha","Billing","Alta",44.12,421,3,"success"
"PR-13152","Gamma","Auth-Service","Alta",29,364,2,"failed"
"PR-13153","Alpha","Billing","Media",78,954,2,"success"
"PR-13154","Gamma","Billing","Media",9.28,10,0,"success"
"PR-13155","Alpha","Core-API","Baja",72,960,2,"failed"
"PR-13156","Gamma","Billing","Media",2,12,0,"success"
"PR-13157","Delta","Database","Baja",51.97,675,3,"success"
"PR-13158","Delta","Frontend-UI","Alta",6.62,216,3,"success"
"PR-13159","Beta","Billing","Baja",119,1520,5,"failed"
"PR-13160","Beta","Core-API","Baja",78.74,1090,3,"success"
"PR-13161","Alpha","Auth-Service","Alta",41.69,362,4,"failed"
"PR-13162","Delta","Billing","Alta",4.65,10,0,"success"
"PR-13163","Alpha","Database","Crítica",113,1206,4,"success"
"PR-13164","Alpha","Billing","Media",14,422,1,"failed"
"PR-13165","Gamma","Billing","Media",1.28,10,0,"rolled_back"
"PR-13166","Alpha","Billing","Crítica",6.89,115,0,"success"
"PR-13167","Alpha","Auth-Service","Media",2.62,25,0,"success"
"PR-13168","Beta","Billing","Media",19.07,101,1,"success"
"PR-13169","Delta","Core-API","Media",95.04,1046,3,"rolled_back"
"PR-13170","Gamma","Database","Media",212,2580,11,"rolled_back"
"PR-13171","Delta","Billing","Media",4.5,273,1,"success"
"PR-13172","Delta","Database","Media",44,707,5,"success"
"PR-13173","Beta","Billing","Media",2,10,0,"success"
"PR-13174","Delta","Frontend-UI","Media",34,597,1,"success"
"PR-13175","Delta","Core-API","Alta",75.47,894,3,"success"
"PR-13176","Beta","Frontend-UI","Alta",5,185,1,"failed"
"PR-13177","Gamma","Frontend-UI","Media",2.37,47,0,"success"
"PR-13178","Alpha","Core-API","Crítica",158.1,1958,7,"success"
"PR-13179","Gamma","Frontend-UI","Alta",43,798,2,"success"
"PR-13180","Beta","Auth-Service","Alta",72,1019,6,"failed"
"PR-13181","Alpha","Frontend-UI","Alta",38,459,3,"success"
"PR-13182","Alpha","Auth-Service","Crítica",1.18,220,0,"success"
"PR-13183","Delta","Core-API","Alta",7,240,1,"success"
"PR-13184","Alpha","Billing","Media",4.07,10,0,"success"
"PR-13185","Gamma","Database","Baja",39.75,558,3,"success"
"PR-13186","Alpha","Billing","Media",2,77,0,"success"
"PR-13187","Delta","Frontend-UI","Media",85.81,1041,3,"rolled_back"
"PR-13188","Beta","Core-API","Media",8,328,1,"success"
"PR-13189","Beta","Billing","Baja",45.2,549,6,"failed"
"PR-13190","Delta","Auth-Service","Crítica",1.85,142,1,"success"
"PR-13191","Delta","Database","Media",3.13,289,0,"success"
"PR-13192","Gamma","Core-API","Baja",258,3329,17,"failed"
"PR-13193","Gamma","Core-API","Alta",3,10,1,"success"
"PR-13194","Gamma","Frontend-UI","Media",49,681,2,"success"
"PR-13195","Alpha","Auth-Service","Media",1,77,0,"success"
"PR-13196","Beta","Billing","Alta",8.91,140,1,"success"
"PR-13197","Alpha","Auth-Service","Crítica",2.47,106,2,"success"
"PR-13198","Alpha","Core-API","Media",88,1101,6,"success"
"PR-13199","Alpha","Billing","Baja",2,389,2,"success"
"PR-13200","Beta","Database","Media",40.1,574,2,"failed"
"PR-13201","Alpha","Database","Media",51,595,1,"success"
"PR-13202","Gamma","Database","Baja",55.26,1015,1,"failed"
"PR-13203","Delta","Frontend-UI","Media",58,595,3,"success"
"PR-13204","Beta","Frontend-UI","Media",72.58,774,1,"success"
"PR-13205","Alpha","Billing","Alta",164.66,2015,9,"failed"
"PR-13206","Gamma","Billing","Media",265,3226,9,"rolled_back"
"PR-13207","Delta","Auth-Service","Alta",310,3768,20,"failed"
"PR-13208","Delta","Billing","Media",2,171,1,"success"
"PR-13209","Beta","Database","Alta",2,154,1,"success"
"PR-13210","Gamma","Auth-Service","Baja",1,174,0,"success"
"PR-13211","Beta","Database","Alta",45,712,4,"failed"
"PR-13212","Alpha","Core-API","Media",7.2,131,1,"failed"
"PR-13213","Delta","Auth-Service","Media",0.98,107,0,"success"
"PR-13214","Gamma","Billing","Media",3.81,80,0,"success"
"PR-13215","Beta","Database","Media",38,512,3,"success"
"PR-13216","Alpha","Database","Crítica",7,49,0,"success"
"PR-13217","Alpha","Core-API","Media",42.45,558,0,"success"
"PR-13218","Gamma","Frontend-UI","Baja",97,1253,1,"success"
"PR-13219","Delta","Billing","Media",9,106,0,"success"
"PR-13220","Beta","Core-API","Crítica",0.56,168,1,"failed"
"PR-13221","Alpha","Billing","Media",5,10,2,"success"
"PR-13222","Beta","Auth-Service","Media",4,151,1,"failed"
"PR-13223","Delta","Billing","Crítica",37.05,447,2,"rolled_back"
"PR-13224","Alpha","Database","Alta",77,941,1,"success"
"PR-13225","Alpha","Billing","Media",41.16,650,5,"success"
"PR-13226","Delta","Database","Media",31,163,0,"success"
"PR-13227","Beta","Frontend-UI","Alta",47,581,1,"success"
"PR-13228","Delta","Database","Media",4,10,0,"success"
"PR-13229","Beta","Core-API","Media",10,313,0,"success"
"PR-13230","Alpha","Core-API","Media",7,190,0,"rolled_back"
"PR-13231","Delta","Frontend-UI","Media",6.36,166,2,"success"
"PR-13232","Alpha","Core-API","Crítica",3,125,0,"success"
"PR-13233","Delta","Billing","Crítica",72,809,4,"failed"
"PR-13234","Alpha","Database","Media",3,10,0,"success"
"PR-13235","Alpha","Auth-Service","Baja",49,604,4,"success"
"PR-13236","Alpha","Auth-Service","Media",2,48,0,"success"
"PR-13237","Alpha","Auth-Service","Alta",1,95,0,"success"
"PR-13238","Beta","Auth-Service","Alta",4,110,1,"success"
"PR-13239","Beta","Database","Baja",49.96,716,2,"success"
"PR-13240","Delta","Billing","Crítica",5,221,2,"success"
"PR-13241","Beta","Billing","Alta",1,194,0,"success"
"PR-13242","Beta","Billing","Baja",4,10,0,"success"
"PR-13243","Delta","Database","Baja",3,236,2,"success"
"PR-13244","Delta","Auth-Service","Baja",168.03,2131,10,"success"
"PR-13245","Delta","Frontend-UI","Media",60,595,4,"success"
"PR-13246","Beta","Billing","Alta",50.6,809,2,"success"
"PR-13247","Beta","Billing","Baja",39.55,255,1,"rolled_back"
"PR-13248","Alpha","Database","Alta",4,184,1,"success"
"PR-13249","Delta","Billing","Alta",47.77,650,3,"success"
"PR-13250","Alpha","Auth-Service","Baja",3,10,0,"success"
"PR-13251","Beta","Auth-Service","Media",3.53,10,0,"success"
"PR-13252","Gamma","Frontend-UI","Alta",172,1892,6,"success"
"PR-13253","Alpha","Frontend-UI","Baja",51,580,4,"success"
"PR-13254","Gamma","Core-API","Alta",0.84,10,0,"success"
"PR-13255","Delta","Frontend-UI","Media",2,10,0,"success"
"PR-13256","Delta","Core-API","Alta",2.33,10,0,"success"
"PR-13257","Beta","Frontend-UI","Crítica",110.34,1324,5,"rolled_back"
"PR-13258","Gamma","Billing","Media",6.48,94,0,"success"
"PR-13259","Alpha","Billing","Alta",46.71,722,2,"success"
"PR-13260","Alpha","Frontend-UI","Media",40,374,4,"failed"
"PR-13261","Alpha","Auth-Service","Baja",120.61,1478,3,"failed"
"PR-13262","Beta","Auth-Service","Baja",3.76,10,0,"success"
"PR-13263","Delta","Database","Crítica",0.85,102,1,"failed"
"PR-13264","Delta","Frontend-UI","Baja",190,2243,12,"rolled_back"
"PR-13265","Gamma","Frontend-UI","Alta",0.5,10,2,"rolled_back"
"PR-13266","Gamma","Auth-Service","Media",4,75,1,"success"
"PR-13267","Beta","Billing","Baja",4.92,278,2,"success"
"PR-13268","Beta","Database","Media",30,472,1,"success"
"PR-13269","Delta","Database","Media",23.82,293,1,"rolled_back"
"PR-13270","Beta","Frontend-UI","Alta",23,357,1,"success"
"PR-13271","Gamma","Database","Baja",61,971,2,"success"
"PR-13272","Gamma","Auth-Service","Media",5.73,114,1,"failed"
"PR-13273","Beta","Core-API","Media",3.41,262,2,"success"
"PR-13274","Delta","Core-API","Baja",58,870,3,"success"
"PR-13275","Beta","Auth-Service","Alta",48,697,5,"success"
"PR-13276","Alpha","Frontend-UI","Baja",319,4019,20,"failed"
"PR-13277","Beta","Auth-Service","Baja",9,10,1,"success"
"PR-13278","Beta","Core-API","Baja",2,211,0,"success"
"PR-13279","Gamma","Billing","Media",305,3670,17,"failed"
"PR-13280","Delta","Database","Media",1,346,1,"success"
"PR-13281","Beta","Billing","Alta",3.87,137,2,"success"
"PR-13282","Delta","Auth-Service","Media",76.37,852,1,"success"
"PR-13283","Delta","Billing","Baja",2.21,221,1,"success"
"PR-13284","Beta","Frontend-UI","Media",48.91,688,3,"rolled_back"
"PR-13285","Beta","Frontend-UI","Media",50.02,826,1,"failed"
"PR-13286","Beta","Database","Baja",91.58,1019,3,"success"
"PR-13287","Delta","Core-API","Crítica",7,157,2,"success"
"PR-13288","Delta","Auth-Service","Media",5,14,0,"success"
"PR-13289","Alpha","Database","Alta",19.01,491,4,"failed"
"PR-13290","Delta","Frontend-UI","Baja",3.21,219,0,"success"
"PR-13291","Alpha","Billing","Baja",3.21,10,0,"success"
"PR-13292","Alpha","Auth-Service","Baja",61.21,716,4,"success"
"PR-13293","Beta","Auth-Service","Media",40.9,598,4,"rolled_back"
"PR-13294","Alpha","Auth-Service","Media",5.43,228,0,"success"
"PR-13295","Delta","Database","Media",4.03,241,0,"success"
"PR-13296","Delta","Database","Alta",40,459,3,"success"
"PR-13297","Alpha","Core-API","Baja",3,10,0,"success"
"PR-13298","Alpha","Billing","Baja",56,553,2,"success"
"PR-13299","Delta","Auth-Service","Crítica",93,1331,2,"success"
"PR-13300","Gamma","Database","Crítica",173,2042,7,"success"
"PR-13301","Gamma","Billing","Alta",5.18,18,0,"success"
"PR-13302","Gamma","Auth-Service","Media",3,269,0,"success"
"PR-13303","Beta","Frontend-UI","Crítica",256.44,3321,12,"success"
"PR-13304","Delta","Auth-Service","Alta",4.88,112,0,"success"
"PR-13305","Alpha","Frontend-UI","Baja",2.95,331,2,"success"
"PR-13306","Delta","Auth-Service","Alta",7.09,317,1,"failed"
"PR-13307","Alpha","Auth-Service","Baja",5,10,0,"success"
"PR-13308","Gamma","Auth-Service","Media",196.7,2417,8,"success"
"PR-13309","Alpha","Frontend-UI","Baja",2,10,0,"success"
"PR-13310","Alpha","Core-API","Media",10.39,105,0,"success"
"PR-13311","Alpha","Billing","Alta",44,589,6,"success"
"PR-13312","Gamma","Core-API","Baja",14,211,2,"success"
"PR-13313","Alpha","Database","Media",3,137,1,"success"
"PR-13314","Beta","Core-API","Baja",2.37,308,1,"failed"
"PR-13315","Gamma","Frontend-UI","Media",6,41,1,"success"
"PR-13316","Beta","Auth-Service","Baja",1,12,1,"success"
"PR-13317","Beta","Auth-Service","Alta",1.47,75,0,"success"
"PR-13318","Beta","Core-API","Alta",4,108,1,"success"
"PR-13319","Gamma","Frontend-UI","Alta",42.3,742,4,"failed"
"PR-13320","Alpha","Billing","Crítica",49.87,863,2,"failed"
"PR-13321","Delta","Auth-Service","Media",4,88,0,"success"
"PR-13322","Beta","Frontend-UI","Alta",1,10,1,"success"
"PR-13323","Delta","Auth-Service","Alta",5,123,0,"success"
"PR-13324","Alpha","Billing","Alta",238.27,2854,10,"failed"
"PR-13325","Delta","Auth-Service","Media",1.25,217,1,"success"
"PR-13326","Delta","Core-API","Media",1.72,10,0,"success"
"PR-13327","Beta","Database","Baja",2.2,105,1,"success"
"PR-13328","Alpha","Database","Media",31,423,1,"success"
"PR-13329","Delta","Database","Alta",59,691,1,"success"
"PR-13330","Alpha","Frontend-UI","Baja",9,135,0,"success"
"PR-13331","Alpha","Database","Media",11.26,80,0,"success"
"PR-13332","Delta","Billing","Baja",39,406,2,"failed"
"PR-13333","Beta","Billing","Media",3,84,1,"success"
"PR-13334","Delta","Frontend-UI","Media",46.86,804,3,"success"
"PR-13335","Beta","Billing","Media",0,22,0,"success"
"PR-13336","Beta","Frontend-UI","Crítica",66.2,835,5,"failed"
"PR-13337","Gamma","Billing","Media",53.84,506,2,"success"
"PR-13338","Gamma","Auth-Service","Media",3.49,150,0,"success"
"PR-13339","Gamma","Billing","Media",24,357,1,"success"
"PR-13340","Gamma","Database","Media",3,238,2,"rolled_back"
"PR-13341","Gamma","Core-API","Baja",3.89,255,0,"success"
"PR-13342","Delta","Core-API","Media",7.17,138,0,"success"
"PR-13343","Delta","Core-API","Media",36,336,1,"rolled_back"
"PR-13344","Beta","Auth-Service","Alta",57,920,5,"success"
"PR-13345","Beta","Database","Media",3.63,28,0,"success"
"PR-13346","Alpha","Auth-Service","Media",67,644,1,"success"
"PR-13347","Alpha","Billing","Baja",1.28,10,0,"success"
"PR-13348","Alpha","Frontend-UI","Baja",1.55,11,0,"success"
"PR-13349","Delta","Frontend-UI","Media",4.39,10,0,"failed"
"PR-13350","Gamma","Auth-Service","Media",51,558,3,"failed"
"PR-13351","Alpha","Frontend-UI","Media",3.31,10,0,"success"
"PR-13352","Alpha","Auth-Service","Media",295.1,3662,12,"failed"
"PR-13353","Beta","Billing","Media",111.95,1403,6,"success"
"PR-13354","Delta","Frontend-UI","Media",7.28,272,1,"success"
"PR-13355","Gamma","Auth-Service","Media",36.75,306,1,"rolled_back"
"PR-13356","Alpha","Billing","Media",4.89,56,1,"success"
"PR-13357","Alpha","Database","Media",5,36,0,"success"
"PR-13358","Gamma","Billing","Alta",2,10,0,"success"
"PR-13359","Delta","Frontend-UI","Baja",4,31,1,"success"
"PR-13360","Beta","Core-API","Crítica",2.7,170,2,"success"
"PR-13361","Alpha","Frontend-UI","Alta",3,78,1,"rolled_back"
"PR-13362","Alpha","Core-API","Baja",232,2988,14,"failed"
"PR-13363","Gamma","Frontend-UI","Alta",2,271,1,"success"
"PR-13364","Beta","Frontend-UI","Media",2,69,0,"success"
"PR-13365","Delta","Auth-Service","Crítica",5.99,63,2,"success"
"PR-13366","Alpha","Database","Baja",40.59,521,5,"success"
"PR-13367","Beta","Billing","Crítica",6.21,398,2,"failed"
"PR-13368","Alpha","Auth-Service","Alta",7,146,0,"success"
"PR-13369","Gamma","Frontend-UI","Media",3.18,96,1,"success"
"PR-13370","Gamma","Database","Baja",3,10,0,"success"
"PR-13371","Delta","Core-API","Baja",4,29,2,"success"
"PR-13372","Alpha","Frontend-UI","Alta",3,81,0,"success"
"PR-13373","Alpha","Frontend-UI","Media",5,10,0,"success"
"PR-13374","Delta","Frontend-UI","Alta",5.76,52,1,"success"
"PR-13375","Gamma","Database","Baja",62,734,2,"success"
"PR-13376","Gamma","Database","Baja",3,10,0,"success"
"PR-13377","Delta","Billing","Media",4,146,0,"success"
"PR-13378","Alpha","Auth-Service","Media",87,1234,6,"failed"
"PR-13379","Delta","Frontend-UI","Baja",2.49,299,0,"success"
"PR-13380","Alpha","Core-API","Media",1,10,0,"success"
"PR-13381","Gamma","Auth-Service","Media",40.01,571,2,"success"
"PR-13382","Gamma","Auth-Service","Alta",47,638,1,"success"
"PR-13383","Alpha","Database","Crítica",1.91,77,0,"success"
"PR-13384","Alpha","Billing","Media",44,665,3,"failed"
"PR-13385","Delta","Frontend-UI","Media",72,987,4,"success"
"PR-13386","Alpha","Billing","Media",33,333,2,"success"
"PR-13387","Gamma","Database","Alta",5,282,0,"success"
"PR-13388","Gamma","Core-API","Media",2,78,1,"success"
"PR-13389","Delta","Auth-Service","Media",4,415,1,"success"
"PR-13390","Delta","Billing","Media",57,602,1,"success"
"PR-13391","Beta","Frontend-UI","Baja",3,10,0,"success"
"PR-13392","Alpha","Frontend-UI","Baja",4,170,0,"success"
"PR-13393","Beta","Billing","Media",43,543,2,"success"
"PR-13394","Alpha","Billing","Alta",4,10,1,"success"
"PR-13395","Alpha","Auth-Service","Media",3.02,10,1,"success"
"PR-13396","Alpha","Database","Baja",78.06,1012,5,"failed"
"PR-13397","Alpha","Database","Media",48,558,6,"failed"
"PR-13398","Gamma","Core-API","Media",0.36,190,2,"success"
"PR-13399","Beta","Auth-Service","Alta",6,10,0,"success"
"PR-13400","Gamma","Auth-Service","Baja",72,723,1,"success"
"PR-13401","Alpha","Core-API","Media",17.88,289,0,"success"
"PR-13402","Delta","Core-API","Media",11.45,10,0,"rolled_back"
"PR-13403","Gamma","Billing","Media",35,437,0,"success"
"PR-13404","Beta","Core-API","Media",7.46,169,2,"success"
"PR-13405","Beta","Core-API","Alta",4,135,2,"failed"
"PR-13406","Alpha","Frontend-UI","Alta",3.37,299,0,"success"
"PR-13407","Delta","Auth-Service","Baja",2.98,107,2,"success"
"PR-13408","Alpha","Database","Alta",10.39,292,0,"success"
"PR-13409","Gamma","Auth-Service","Alta",40,683,1,"success"
"PR-13410","Gamma","Database","Alta",0.57,56,0,"success"
"PR-13411","Alpha","Billing","Alta",4,10,0,"success"
"PR-13412","Beta","Billing","Media",51.12,731,3,"success"
"PR-13413","Delta","Billing","Alta",24,335,0,"success"
"PR-13414","Beta","Database","Crítica",2,351,1,"success"
"PR-13415","Gamma","Auth-Service","Crítica",43,864,7,"failed"
"PR-13416","Alpha","Frontend-UI","Crítica",30.83,391,1,"success"
"PR-13417","Gamma","Billing","Alta",31.2,384,0,"success"
"PR-13418","Alpha","Auth-Service","Media",55,749,3,"success"
"PR-13419","Alpha","Billing","Alta",6.11,262,0,"success"
"PR-13420","Alpha","Database","Media",5.46,55,0,"success"
"PR-13421","Beta","Billing","Media",30,413,1,"success"
"PR-13422","Delta","Core-API","Media",65.27,794,2,"failed"
"PR-13423","Delta","Billing","Media",75.65,994,3,"rolled_back"
"PR-13424","Delta","Core-API","Baja",3,190,2,"failed"
"PR-13425","Gamma","Billing","Crítica",45.75,563,3,"success"
"PR-13426","Beta","Frontend-UI","Baja",4,206,0,"success"
"PR-13427","Alpha","Frontend-UI","Baja",3,224,0,"success"
"PR-13428","Alpha","Database","Media",10,164,0,"success"
"PR-13429","Gamma","Frontend-UI","Media",0.71,147,1,"failed"
"PR-13430","Alpha","Frontend-UI","Media",48,604,2,"success"
"PR-13431","Gamma","Auth-Service","Alta",70.91,804,6,"failed"
"PR-13432","Alpha","Database","Alta",1.76,173,3,"success"
"PR-13433","Gamma","Auth-Service","Crítica",4,116,1,"success"
"PR-13434","Alpha","Frontend-UI","Media",10,10,0,"success"
"PR-13435","Gamma","Auth-Service","Media",2,10,0,"success"
"PR-13436","Gamma","Core-API","Media",1.3,105,1,"rolled_back"
"PR-13437","Beta","Database","Alta",135.83,1828,8,"failed"
"PR-13438","Alpha","Billing","Media",22,11,0,"success"
"PR-13439","Alpha","Auth-Service","Crítica",4,73,0,"success"
"PR-13440","Beta","Billing","Media",43,559,1,"failed"
"PR-13441","Beta","Frontend-UI","Media",141.7,1855,10,"success"
"PR-13442","Gamma","Billing","Alta",47,666,2,"success"
"PR-13443","Beta","Auth-Service","Alta",80,1056,4,"failed"
"PR-13444","Beta","Core-API","Crítica",32.09,476,1,"success"
"PR-13445","Delta","Database","Crítica",6.74,10,0,"success"
"PR-13446","Alpha","Database","Media",61.81,807,4,"failed"
"PR-13447","Beta","Database","Media",13.34,199,1,"failed"
"PR-13448","Alpha","Database","Media",4,248,1,"success"
"PR-13449","Alpha","Billing","Crítica",48,607,1,"failed"
"PR-13450","Delta","Billing","Crítica",25,187,3,"success"
"PR-13451","Beta","Frontend-UI","Alta",7.5,113,0,"success"
"PR-13452","Gamma","Database","Media",5,135,0,"success"
"PR-13453","Alpha","Billing","Alta",5,10,0,"success"
"PR-13454","Beta","Frontend-UI","Crítica",4,10,0,"success"
"PR-13455","Gamma","Billing","Media",3.13,149,0,"success"
"PR-13456","Delta","Frontend-UI","Media",60.28,706,0,"success"
"PR-13457","Delta","Billing","Media",18.09,279,2,"rolled_back"
"PR-13458","Delta","Frontend-UI","Baja",2.04,38,1,"success"
"PR-13459","Alpha","Frontend-UI","Media",47,411,3,"success"
"PR-13460","Beta","Database","Alta",49.93,564,4,"failed"
"PR-13461","Delta","Frontend-UI","Media",1,10,0,"success"
"PR-13462","Gamma","Database","Alta",64,772,0,"success"
"PR-13463","Gamma","Database","Media",43.61,562,3,"success"
"PR-13464","Beta","Core-API","Media",174.33,2234,7,"failed"
"PR-13465","Gamma","Auth-Service","Baja",30,471,0,"success"
"PR-13466","Delta","Billing","Media",2,250,0,"success"
"PR-13467","Alpha","Billing","Alta",1,193,0,"success"
"PR-13468","Gamma","Core-API","Baja",2.88,132,0,"success"
"PR-13469","Beta","Billing","Baja",96.8,1116,6,"rolled_back"
"PR-13470","Delta","Core-API","Media",43,445,2,"failed"
"PR-13471","Gamma","Auth-Service","Media",58,530,4,"failed"
"PR-13472","Delta","Core-API","Baja",4,98,0,"success"
"PR-13473","Alpha","Core-API","Crítica",4,165,0,"success"
"PR-13474","Gamma","Core-API","Alta",8,10,0,"failed"
"PR-13475","Alpha","Auth-Service","Baja",77,853,5,"success"
"PR-13476","Delta","Frontend-UI","Media",2,62,0,"success"
"PR-13477","Alpha","Database","Alta",24,419,2,"success"
"PR-13478","Gamma","Database","Baja",306.59,3613,7,"success"
"PR-13479","Beta","Frontend-UI","Crítica",3.61,139,0,"success"
"PR-13480","Alpha","Database","Crítica",27.67,430,2,"success"
"PR-13481","Gamma","Database","Baja",1,127,0,"success"
"PR-13482","Beta","Auth-Service","Baja",3.5,180,0,"success"
"PR-13483","Alpha","Database","Crítica",58.34,735,4,"rolled_back"
"PR-13484","Delta","Billing","Baja",22.08,457,2,"success"
"PR-13485","Delta","Auth-Service","Media",1,10,0,"success"
"PR-13486","Alpha","Core-API","Crítica",2,10,0,"success"
"PR-13487","Beta","Database","Crítica",3.1,10,1,"success"
"PR-13488","Beta","Billing","Crítica",36,567,3,"success"
"PR-13489","Beta","Core-API","Baja",48.28,536,0,"failed"
"PR-13490","Delta","Frontend-UI","Alta",0.46,10,0,"success"
"PR-13491","Beta","Billing","Baja",29.75,212,0,"success"
"PR-13492","Delta","Auth-Service","Media",141.21,1628,7,"success"
"PR-13493","Alpha","Core-API","Alta",92,1151,2,"success"
"PR-13494","Gamma","Frontend-UI","Media",4,141,0,"success"
"PR-13495","Alpha","Database","Media",107,1216,5,"failed"
"PR-13496","Beta","Database","Baja",10.58,175,0,"success"
"PR-13497","Alpha","Database","Crítica",2.96,214,0,"success"
"PR-13498","Gamma","Auth-Service","Baja",26.58,269,0,"success"
"PR-13499","Beta","Auth-Service","Alta",3.7,10,0,"success"
"PR-13500","Delta","Core-API","Media",64.11,926,3,"failed"
"PR-13501","Beta","Frontend-UI","Media",12.67,216,1,"success"
"PR-13502","Alpha","Auth-Service","Crítica",10.78,243,2,"failed"
"PR-13503","Beta","Billing","Alta",11.67,408,1,"success"
"PR-13504","Beta","Core-API","Media",48,657,4,"failed"
"PR-13505","Beta","Billing","Baja",2,197,1,"success"
"PR-13506","Gamma","Auth-Service","Media",1,154,0,"success"
"PR-13507","Delta","Billing","Baja",72,1017,3,"success"
"PR-13508","Delta","Core-API","Media",55,671,3,"success"
"PR-13509","Alpha","Frontend-UI","Media",76,1029,2,"success"
"PR-13510","Gamma","Frontend-UI","Media",11.56,333,1,"success"
"PR-13511","Beta","Core-API","Alta",34,337,2,"success"
"PR-13512","Delta","Frontend-UI","Alta",0.57,10,1,"failed"
"PR-13513","Beta","Auth-Service","Crítica",47.24,745,1,"failed"
"PR-13514","Alpha","Auth-Service","Crítica",8.69,138,0,"success"
"PR-13515","Alpha","Core-API","Alta",5,93,1,"success"
"PR-13516","Alpha","Frontend-UI","Media",52.8,705,0,"success"
"PR-13517","Beta","Frontend-UI","Media",6.38,147,1,"success"
"PR-13518","Beta","Billing","Media",5,144,1,"success"
"PR-13519","Gamma","Database","Media",55.55,693,2,"rolled_back"
"PR-13520","Alpha","Auth-Service","Crítica",20,121,0,"success"
"PR-13521","Beta","Database","Alta",81.04,1090,8,"success"
"PR-13522","Gamma","Billing","Baja",72,967,6,"success"
"PR-13523","Delta","Core-API","Crítica",5.72,13,0,"success"
"PR-13524","Alpha","Billing","Media",5,134,0,"success"
"PR-13525","Beta","Core-API","Alta",1.82,18,0,"rolled_back"
"PR-13526","Delta","Auth-Service","Alta",21,245,1,"success"
"PR-13527","Delta","Core-API","Media",2,112,0,"success"
"PR-13528","Beta","Core-API","Alta",2,249,2,"success"
"PR-13529","Alpha","Billing","Media",4.09,271,1,"success"
"PR-13530","Delta","Auth-Service","Media",5.86,10,0,"success"
"PR-13531","Delta","Auth-Service","Media",56,769,2,"success"
"PR-13532","Alpha","Database","Baja",37.79,318,1,"success"
"PR-13533","Beta","Frontend-UI","Baja",7,241,0,"success"
"PR-13534","Gamma","Frontend-UI","Alta",6,106,0,"success"
"PR-13535","Alpha","Core-API","Alta",2,113,0,"success"
"PR-13536","Beta","Auth-Service","Baja",63.83,799,4,"failed"
"PR-13537","Gamma","Database","Media",2,132,1,"success"
"PR-13538","Gamma","Frontend-UI","Crítica",46,555,1,"success"
"PR-13539","Delta","Auth-Service","Media",7,10,0,"success"
"PR-13540","Beta","Frontend-UI","Alta",9,10,0,"success"
"PR-13541","Gamma","Database","Media",3.6,146,0,"success"
"PR-13542","Delta","Core-API","Alta",4.02,276,1,"success"
"PR-13543","Delta","Frontend-UI","Media",6.5,268,1,"success"
"PR-13544","Alpha","Database","Alta",4.51,294,2,"success"
"PR-13545","Delta","Database","Alta",50.66,734,4,"success"
"PR-13546","Delta","Billing","Baja",3.76,322,0,"success"
"PR-13547","Gamma","Database","Media",4.32,107,0,"success"
"PR-13548","Beta","Auth-Service","Media",49,578,5,"success"
"PR-13549","Beta","Core-API","Crítica",48,472,0,"success"
"PR-13550","Beta","Auth-Service","Media",86.42,925,3,"failed"
"PR-13551","Gamma","Core-API","Crítica",8,135,0,"success"
"PR-13552","Delta","Frontend-UI","Baja",6,260,0,"success"
"PR-13553","Gamma","Auth-Service","Media",53,642,2,"success"
"PR-13554","Gamma","Database","Media",7.33,197,3,"failed"
"PR-13555","Gamma","Core-API","Crítica",3.11,105,0,"success"
"PR-13556","Alpha","Frontend-UI","Alta",5.48,130,0,"success"
"PR-13557","Alpha","Core-API","Media",150.4,1751,6,"success"
"PR-13558","Beta","Auth-Service","Media",18,172,0,"success"
"PR-13559","Gamma","Frontend-UI","Media",31,463,0,"success"
"PR-13560","Gamma","Frontend-UI","Media",23,364,3,"failed"
"PR-13561","Gamma","Core-API","Media",3,148,0,"success"
"PR-13562","Beta","Database","Media",79.75,1016,5,"failed"
"PR-13563","Gamma","Database","Baja",5.84,255,0,"success"
"PR-13564","Gamma","Database","Media",88,1042,5,"failed"
"PR-13565","Gamma","Core-API","Media",29.19,404,5,"failed"
"PR-13566","Alpha","Auth-Service","Crítica",1.71,205,0,"success"
"PR-13567","Delta","Database","Media",6,166,1,"success"
"PR-13568","Beta","Frontend-UI","Media",9.41,137,0,"success"
"PR-13569","Beta","Auth-Service","Baja",3,33,0,"success"
"PR-13570","Delta","Core-API","Media",7.08,172,0,"success"
"PR-13571","Gamma","Auth-Service","Media",4,291,3,"success"
"PR-13572","Delta","Frontend-UI","Media",2,145,1,"success"
"PR-13573","Beta","Core-API","Alta",0.2,120,0,"success"
"PR-13574","Delta","Billing","Alta",3.07,22,2,"success"
"PR-13575","Beta","Frontend-UI","Alta",2.82,97,0,"success"
"PR-13576","Alpha","Database","Media",71.54,892,5,"success"
"PR-13577","Delta","Billing","Crítica",2.71,85,0,"success"
"PR-13578","Beta","Frontend-UI","Crítica",1,110,0,"success"
"PR-13579","Alpha","Database","Media",1.8,10,0,"success"
"PR-13580","Delta","Frontend-UI","Media",261,3194,11,"failed"
"PR-13581","Delta","Auth-Service","Baja",4.71,277,0,"success"
"PR-13582","Gamma","Frontend-UI","Baja",1,63,0,"success"
"PR-13583","Beta","Frontend-UI","Alta",4,56,0,"success"
"PR-13584","Alpha","Billing","Alta",46,612,1,"success"
"PR-13585","Alpha","Frontend-UI","Baja",43,538,2,"success"
"PR-13586","Beta","Auth-Service","Media",61,644,3,"success"
"PR-13587","Gamma","Database","Baja",42.86,565,2,"success"
"PR-13588","Alpha","Database","Alta",3.74,111,0,"success"
"PR-13589","Gamma","Frontend-UI","Baja",12,155,0,"success"
"PR-13590","Delta","Billing","Media",63.36,829,2,"rolled_back"
"PR-13591","Alpha","Database","Media",73,598,0,"success"
"PR-13592","Alpha","Billing","Media",1,128,1,"success"
"PR-13593","Delta","Frontend-UI","Media",3.66,10,1,"success"
"PR-13594","Gamma","Auth-Service","Crítica",71,924,4,"failed"
"PR-13595","Beta","Auth-Service","Alta",35,678,5,"rolled_back"
"PR-13596","Beta","Core-API","Baja",4.31,50,0,"success"
"PR-13597","Alpha","Database","Alta",2,144,0,"success"
"PR-13598","Beta","Database","Alta",141,1621,9,"failed"
"PR-13599","Gamma","Database","Crítica",252.01,3222,8,"failed"
"PR-13600","Delta","Core-API","Media",4,301,1,"success"
"PR-13601","Delta","Frontend-UI","Media",201,2496,15,"failed"
"PR-13602","Beta","Core-API","Baja",2,10,0,"success"
"PR-13603","Gamma","Frontend-UI","Media",3.09,10,1,"failed"
"PR-13604","Alpha","Auth-Service","Baja",62.66,891,3,"success"
"PR-13605","Gamma","Database","Media",17,263,0,"rolled_back"
"PR-13606","Delta","Billing","Crítica",0.65,262,0,"success"
"PR-13607","Delta","Database","Media",64.08,805,5,"success"
"PR-13608","Alpha","Frontend-UI","Baja",29,468,2,"success"
"PR-13609","Alpha","Billing","Baja",2,10,0,"success"
"PR-13610","Delta","Frontend-UI","Crítica",3,252,1,"success"
"PR-13611","Beta","Frontend-UI","Media",91.87,1174,2,"success"
"PR-13612","Beta","Auth-Service","Baja",5,202,3,"failed"
"PR-13613","Beta","Auth-Service","Media",72,787,6,"success"
"PR-13614","Alpha","Core-API","Crítica",5,179,2,"success"
"PR-13615","Gamma","Database","Media",6,340,1,"failed"
"PR-13616","Beta","Frontend-UI","Media",2.49,94,1,"success"
"PR-13617","Alpha","Auth-Service","Media",28.09,594,1,"success"
"PR-13618","Delta","Frontend-UI","Baja",3.68,141,0,"success"
"PR-13619","Gamma","Core-API","Crítica",53,749,2,"success"
"PR-13620","Gamma","Database","Media",74.08,1131,4,"success"
"PR-13621","Beta","Core-API","Baja",69,940,5,"success"
"PR-13622","Gamma","Core-API","Alta",1,173,1,"success"
"PR-13623","Gamma","Database","Media",1,22,0,"success"
"PR-13624","Alpha","Database","Alta",1,315,2,"success"
"PR-13625","Gamma","Billing","Media",104,1448,4,"success"
"PR-13626","Beta","Core-API","Crítica",30,374,1,"success"
"PR-13627","Delta","Billing","Media",2,271,3,"failed"
"PR-13628","Beta","Billing","Media",2,10,0,"success"
"PR-13629","Alpha","Core-API","Alta",4,15,0,"success"
"PR-13630","Beta","Core-API","Alta",42,563,2,"success"
"PR-13631","Delta","Billing","Crítica",2,10,0,"success"
"PR-13632","Gamma","Billing","Media",42,410,1,"success"
"PR-13633","Beta","Core-API","Media",0.9,10,0,"success"
"PR-13634","Delta","Auth-Service","Crítica",4,10,0,"success"
"PR-13635","Alpha","Database","Media",1.72,49,0,"success"
"PR-13636","Beta","Billing","Media",55,653,1,"success"
"PR-13637","Delta","Frontend-UI","Baja",44.88,587,2,"success"
"PR-13638","Alpha","Auth-Service","Crítica",4,10,0,"success"
"PR-13639","Alpha","Billing","Alta",4,145,0,"success"
"PR-13640","Delta","Billing","Media",3,147,1,"success"
"PR-13641","Delta","Billing","Alta",4.21,95,0,"success"
"PR-13642","Alpha","Billing","Media",6,220,0,"success"
"PR-13643","Alpha","Frontend-UI","Media",6,135,0,"success"
"PR-13644","Beta","Billing","Media",44.32,703,5,"success"
"PR-13645","Gamma","Database","Alta",0,185,0,"success"
"PR-13646","Alpha","Billing","Media",6.06,235,0,"success"
"PR-13647","Beta","Auth-Service","Media",8,191,1,"success"
"PR-13648","Gamma","Auth-Service","Baja",5,31,0,"success"
"PR-13649","Delta","Core-API","Media",12.38,162,1,"success"
"PR-13650","Beta","Auth-Service","Baja",2.26,150,0,"success"
"PR-13651","Delta","Frontend-UI","Alta",3,11,0,"success"
"PR-13652","Alpha","Billing","Media",8.14,154,0,"success"
"PR-13653","Alpha","Frontend-UI","Baja",39.44,425,2,"success"
"PR-13654","Alpha","Database","Media",4.1,354,0,"success"
"PR-13655","Gamma","Core-API","Baja",1,127,0,"success"
"PR-13656","Gamma","Database","Media",57.11,701,2,"success"
"PR-13657","Beta","Auth-Service","Baja",1,394,1,"rolled_back"
"PR-13658","Alpha","Billing","Media",4.61,10,0,"success"
"PR-13659","Alpha","Database","Media",4.99,262,2,"failed"
"PR-13660","Delta","Auth-Service","Alta",40,540,1,"success"
"PR-13661","Delta","Auth-Service","Crítica",54,736,1,"success"
"PR-13662","Alpha","Frontend-UI","Media",4,34,0,"success"
"PR-13663","Beta","Frontend-UI","Media",94,1207,4,"success"
"PR-13664","Beta","Core-API","Crítica",318,3777,11,"failed"
"PR-13665","Alpha","Billing","Alta",3,69,0,"success"
"PR-13666","Gamma","Auth-Service","Media",84,1006,1,"success"
"PR-13667","Beta","Frontend-UI","Media",2,316,0,"success"
"PR-13668","Alpha","Frontend-UI","Media",33,527,2,"success"
"PR-13669","Alpha","Billing","Alta",2.49,280,1,"success"
"PR-13670","Delta","Auth-Service","Media",11,10,0,"success"
"PR-13671","Alpha","Billing","Alta",3.11,10,0,"success"
"PR-13672","Alpha","Billing","Alta",2,10,0,"success"
"PR-13673","Beta","Auth-Service","Media",46,559,4,"success"
"PR-13674","Gamma","Billing","Media",44,630,0,"success"
"PR-13675","Gamma","Auth-Service","Media",3.01,14,0,"success"
"PR-13676","Beta","Frontend-UI","Alta",75,964,3,"failed"
"PR-13677","Beta","Billing","Alta",26.6,300,2,"success"
"PR-13678","Beta","Auth-Service","Baja",5.98,189,1,"rolled_back"
"PR-13679","Alpha","Auth-Service","Crítica",3.91,257,0,"success"
"PR-13680","Alpha","Auth-Service","Baja",99,1315,7,"success"
"PR-13681","Gamma","Core-API","Media",115,1452,2,"failed"
"PR-13682","Beta","Database","Alta",3.3,197,1,"success"
"PR-13683","Alpha","Auth-Service","Alta",229.66,2747,12,"failed"
"PR-13684","Alpha","Core-API","Media",22,183,0,"success"
"PR-13685","Beta","Core-API","Crítica",2,10,1,"failed"
"PR-13686","Gamma","Auth-Service","Alta",78,997,2,"failed"
"PR-13687","Alpha","Auth-Service","Alta",3,103,0,"success"
"PR-13688","Delta","Billing","Baja",52,630,1,"success"
"PR-13689","Delta","Auth-Service","Baja",6.85,23,0,"success"
"PR-13690","Beta","Billing","Media",33,391,1,"success"
"PR-13691","Alpha","Database","Crítica",5.27,193,0,"success"
"PR-13692","Delta","Frontend-UI","Crítica",1,48,1,"success"
"PR-13693","Alpha","Frontend-UI","Crítica",12.02,30,0,"success"
"PR-13694","Delta","Core-API","Alta",38.69,408,2,"rolled_back"
"PR-13695","Alpha","Frontend-UI","Crítica",36,390,1,"success"
"PR-13696","Alpha","Frontend-UI","Baja",1.96,10,0,"success"
"PR-13697","Beta","Core-API","Media",40.65,650,3,"success"
"PR-13698","Alpha","Frontend-UI","Alta",2,10,0,"success"
"PR-13699","Alpha","Core-API","Media",4,10,0,"success"
"PR-13700","Alpha","Database","Media",45.97,535,3,"failed"
"PR-13701","Beta","Frontend-UI","Alta",59.54,677,6,"success"
"PR-13702","Beta","Auth-Service","Baja",5,10,0,"success"
"PR-13703","Delta","Frontend-UI","Media",35.28,322,2,"success"
"PR-13704","Gamma","Database","Media",4,170,0,"success"
"PR-13705","Gamma","Billing","Media",35,634,2,"rolled_back"
"PR-13706","Delta","Core-API","Media",2,10,1,"success"
"PR-13707","Delta","Core-API","Crítica",5.98,203,0,"success"
"PR-13708","Alpha","Auth-Service","Media",1,141,0,"success"
"PR-13709","Alpha","Database","Media",2,301,0,"success"
"PR-13710","Alpha","Core-API","Alta",6.42,186,1,"success"
"PR-13711","Delta","Auth-Service","Baja",4,82,1,"failed"
"PR-13712","Beta","Database","Media",45,539,3,"failed"
"PR-13713","Beta","Billing","Media",72,920,3,"failed"
"PR-13714","Delta","Frontend-UI","Crítica",302,3706,14,"failed"
"PR-13715","Gamma","Core-API","Baja",107.3,1202,6,"rolled_back"
"PR-13716","Alpha","Core-API","Media",40.86,258,2,"rolled_back"
"PR-13717","Delta","Frontend-UI","Baja",3,197,0,"success"
"PR-13718","Alpha","Billing","Media",38.95,368,2,"success"
"PR-13719","Alpha","Auth-Service","Media",1.11,10,0,"success"
"PR-13720","Delta","Billing","Media",7,220,0,"success"
"PR-13721","Gamma","Billing","Baja",3.59,106,1,"success"
"PR-13722","Gamma","Billing","Alta",57,830,7,"rolled_back"
"PR-13723","Delta","Billing","Crítica",60.22,698,2,"success"
"PR-13724","Gamma","Database","Alta",35.22,434,0,"success"
"PR-13725","Alpha","Core-API","Media",5,189,1,"failed"
"PR-13726","Gamma","Frontend-UI","Media",3,150,0,"success"
"PR-13727","Alpha","Frontend-UI","Crítica",73,844,3,"success"
"PR-13728","Alpha","Billing","Media",48,693,1,"failed"
"PR-13729","Gamma","Auth-Service","Baja",50.38,680,1,"failed"
"PR-13730","Beta","Core-API","Media",4,10,0,"success"
"PR-13731","Beta","Database","Media",8,196,1,"success"
"PR-13732","Alpha","Billing","Crítica",33.97,473,0,"success"
"PR-13733","Alpha","Database","Alta",6.35,383,0,"success"
"PR-13734","Gamma","Auth-Service","Alta",3.27,159,1,"success"
"PR-13735","Beta","Billing","Alta",2,10,0,"success"
"PR-13736","Beta","Frontend-UI","Alta",5,92,0,"success"
"PR-13737","Beta","Core-API","Crítica",2.15,10,0,"success"
"PR-13738","Beta","Core-API","Media",28,343,4,"success"
"PR-13739","Gamma","Frontend-UI","Media",70,911,2,"success"
"PR-13740","Alpha","Auth-Service","Alta",1.49,10,0,"success"
"PR-13741","Delta","Database","Media",280.1,3172,11,"rolled_back"
"PR-13742","Beta","Auth-Service","Media",5.22,10,0,"success"
"PR-13743","Alpha","Auth-Service","Alta",2.96,94,0,"success"
"PR-13744","Gamma","Billing","Media",73,914,2,"success"
"PR-13745","Delta","Frontend-UI","Alta",29,350,0,"failed"
"PR-13746","Alpha","Core-API","Alta",37.85,476,2,"failed"
"PR-13747","Alpha","Billing","Media",4,100,0,"success"
"PR-13748","Beta","Billing","Media",3.49,10,0,"success"
"PR-13749","Delta","Frontend-UI","Media",3,21,0,"success"
"PR-13750","Alpha","Database","Media",6.85,202,1,"success"
"PR-13751","Delta","Billing","Alta",7.18,10,0,"success"
"PR-13752","Gamma","Auth-Service","Media",6.65,90,0,"success"
"PR-13753","Beta","Database","Baja",4,10,0,"success"
"PR-13754","Delta","Frontend-UI","Alta",4.87,127,1,"success"
"PR-13755","Delta","Core-API","Baja",6.61,281,1,"success"
"PR-13756","Gamma","Frontend-UI","Media",5,240,0,"success"
"PR-13757","Alpha","Billing","Media",69.64,789,3,"success"
"PR-13758","Alpha","Frontend-UI","Crítica",4,179,0,"success"
"PR-13759","Alpha","Billing","Media",6.56,103,1,"success"
"PR-13760","Beta","Billing","Media",38.14,558,2,"success"
"PR-13761","Alpha","Database","Media",5.18,417,2,"success"
"PR-13762","Beta","Frontend-UI","Alta",5,234,0,"success"
"PR-13763","Delta","Auth-Service","Crítica",36,484,2,"failed"
"PR-13764","Beta","Database","Media",72,906,3,"success"
"PR-13765","Gamma","Auth-Service","Media",3.11,49,1,"success"
"PR-13766","Gamma","Core-API","Alta",1.21,10,0,"success"
"PR-13767","Delta","Core-API","Media",37.33,408,1,"success"
"PR-13768","Alpha","Core-API","Media",222,2630,9,"rolled_back"
"PR-13769","Delta","Database","Media",35,416,3,"success"
"PR-13770","Alpha","Auth-Service","Crítica",44,650,3,"failed"
"PR-13771","Gamma","Database","Alta",6,84,1,"success"
"PR-13772","Gamma","Billing","Alta",72,956,6,"failed"
"PR-13773","Beta","Frontend-UI","Media",195.28,2231,11,"rolled_back"
"PR-13774","Alpha","Billing","Alta",7,142,0,"success"
"PR-13775","Alpha","Core-API","Baja",6,296,1,"success"
"PR-13776","Beta","Core-API","Alta",41,327,3,"rolled_back"
"PR-13777","Gamma","Billing","Media",61,716,5,"rolled_back"
"PR-13778","Alpha","Core-API","Alta",68,861,4,"failed"
"PR-13779","Alpha","Billing","Media",34.98,310,0,"success"
"PR-13780","Alpha","Database","Baja",11.25,170,0,"success"
"PR-13781","Gamma","Auth-Service","Baja",3.74,65,0,"success"
"PR-13782","Delta","Auth-Service","Baja",2,56,0,"success"
"PR-13783","Alpha","Billing","Baja",3,151,0,"success"
"PR-13784","Gamma","Billing","Baja",4.16,26,0,"success"
"PR-13785","Beta","Core-API","Media",7,135,0,"success"
"PR-13786","Delta","Database","Media",75,1039,5,"rolled_back"
"PR-13787","Alpha","Frontend-UI","Alta",36,475,2,"success"
"PR-13788","Delta","Billing","Media",65,526,1,"success"
"PR-13789","Gamma","Database","Baja",73.41,1057,5,"failed"
"PR-13790","Alpha","Auth-Service","Media",4,64,0,"success"
"PR-13791","Delta","Database","Media",30.29,465,3,"failed"
"PR-13792","Gamma","Billing","Baja",4,68,0,"success"
"PR-13793","Beta","Billing","Baja",1,10,0,"success"
"PR-13794","Delta","Core-API","Media",33.21,416,2,"success"
"PR-13795","Beta","Database","Media",5,10,0,"success"
"PR-13796","Alpha","Auth-Service","Crítica",80.66,1235,5,"success"
"PR-13797","Beta","Database","Media",4.73,10,0,"success"
"PR-13798","Alpha","Database","Media",4,10,0,"success"
"PR-13799","Alpha","Frontend-UI","Media",9,79,0,"success"
"PR-13800","Beta","Auth-Service","Media",44.25,539,0,"success"
"PR-13801","Alpha","Core-API","Baja",3.26,132,0,"success"
"PR-13802","Delta","Auth-Service","Alta",6,10,1,"success"
"PR-13803","Alpha","Billing","Media",243,3006,8,"failed"
"PR-13804","Delta","Core-API","Media",214,2884,4,"success"
"PR-13805","Beta","Database","Media",1.38,113,0,"success"
"PR-13806","Alpha","Billing","Crítica",72,784,4,"success"
"PR-13807","Delta","Billing","Alta",69,1037,4,"success"
"PR-13808","Delta","Frontend-UI","Media",2,81,1,"success"
"PR-13809","Delta","Core-API","Crítica",55,1103,6,"success"
"PR-13810","Gamma","Auth-Service","Crítica",48.31,836,5,"success"
"PR-13811","Delta","Billing","Alta",54.86,773,3,"rolled_back"
"PR-13812","Gamma","Database","Baja",219.37,2742,9,"failed"
"PR-13813","Alpha","Billing","Media",3.04,211,0,"success"
"PR-13814","Alpha","Core-API","Media",3.35,144,1,"failed"
"PR-13815","Gamma","Core-API","Media",62.75,838,5,"failed"
"PR-13816","Gamma","Frontend-UI","Crítica",3.67,10,1,"success"
"PR-13817","Gamma","Core-API","Alta",1,199,0,"success"
"PR-13818","Beta","Database","Media",75,1040,6,"rolled_back"
"PR-13819","Alpha","Core-API","Alta",5,243,0,"failed"
"PR-13820","Alpha","Billing","Baja",35,529,3,"success"
"PR-13821","Beta","Database","Media",3,185,2,"success"
"PR-13822","Beta","Frontend-UI","Media",1,10,0,"success"
"PR-13823","Alpha","Frontend-UI","Alta",85.85,1077,5,"failed"
"PR-13824","Beta","Database","Alta",3.57,228,0,"success"
"PR-13825","Beta","Billing","Media",61,648,2,"failed"
"PR-13826","Alpha","Frontend-UI","Media",5,148,1,"success"
"PR-13827","Alpha","Auth-Service","Baja",2.21,59,0,"success"
"PR-13828","Delta","Auth-Service","Baja",2.98,110,0,"success"
"PR-13829","Alpha","Frontend-UI","Media",17.99,366,2,"success"
"PR-13830","Beta","Billing","Media",50,767,4,"rolled_back"
"PR-13831","Beta","Auth-Service","Alta",2.65,10,0,"success"
"PR-13832","Beta","Auth-Service","Media",1.55,129,0,"success"
"PR-13833","Gamma","Frontend-UI","Media",2.2,147,0,"success"
"PR-13834","Delta","Core-API","Alta",24,508,2,"success"
"PR-13835","Beta","Core-API","Baja",2.13,11,1,"success"
"PR-13836","Alpha","Auth-Service","Baja",4,117,0,"success"
"PR-13837","Beta","Auth-Service","Media",57.99,737,1,"success"
"PR-13838","Alpha","Auth-Service","Baja",59,811,1,"success"
"PR-13839","Delta","Billing","Alta",1,233,2,"success"
"PR-13840","Gamma","Frontend-UI","Media",2.92,235,0,"success"
"PR-13841","Delta","Core-API","Media",1.6,10,0,"success"
"PR-13842","Gamma","Database","Baja",167.63,2253,6,"failed"
"PR-13843","Delta","Database","Media",3,133,1,"success"
"PR-13844","Gamma","Database","Media",2.16,168,0,"rolled_back"
"PR-13845","Beta","Database","Alta",37.57,499,3,"failed"
"PR-13846","Alpha","Frontend-UI","Baja",39.86,539,1,"failed"
"PR-13847","Alpha","Core-API","Media",6.89,238,1,"success"
"PR-13848","Alpha","Database","Media",79.35,843,1,"success"
"PR-13849","Gamma","Core-API","Media",49.45,535,4,"rolled_back"
"PR-13850","Gamma","Frontend-UI","Media",62.01,993,7,"failed"
"PR-13851","Alpha","Frontend-UI","Media",66.9,725,4,"success"
"PR-13852","Alpha","Auth-Service","Media",5.82,226,0,"success"
"PR-13853","Delta","Auth-Service","Baja",2.2,10,1,"success"
"PR-13854","Alpha","Database","Media",57,766,1,"success"
"PR-13855","Delta","Billing","Media",10,201,0,"success"
"PR-13856","Alpha","Auth-Service","Alta",0,10,1,"success"
"PR-13857","Gamma","Database","Crítica",2.73,330,2,"success"
"PR-13858","Gamma","Billing","Alta",2,10,0,"success"
"PR-13859","Alpha","Core-API","Media",65,1018,3,"success"
"PR-13860","Alpha","Frontend-UI","Media",16,154,0,"success"
"PR-13861","Gamma","Billing","Media",6,271,1,"success"
"PR-13862","Delta","Core-API","Media",2.51,41,0,"success"
"PR-13863","Alpha","Database","Media",18,424,2,"rolled_back"
"PR-13864","Beta","Frontend-UI","Media",75,1155,6,"rolled_back"
"PR-13865","Delta","Core-API","Media",1.73,10,0,"success"
"PR-13866","Alpha","Frontend-UI","Media",6.22,11,1,"success"
"PR-13867","Beta","Auth-Service","Media",67.86,1022,4,"failed"
"PR-13868","Gamma","Database","Baja",2,167,0,"success"
"PR-13869","Alpha","Database","Alta",3,120,1,"failed"
"PR-13870","Beta","Auth-Service","Alta",33.81,405,1,"rolled_back"
"PR-13871","Alpha","Database","Alta",3.88,10,0,"success"
"PR-13872","Gamma","Auth-Service","Media",45,484,2,"rolled_back"
"PR-13873","Beta","Auth-Service","Media",3.77,132,2,"rolled_back"
"PR-13874","Gamma","Billing","Baja",5.85,10,0,"success"
"PR-13875","Gamma","Database","Crítica",1,16,0,"success"
"PR-13876","Alpha","Core-API","Media",82.59,1031,3,"rolled_back"
"PR-13877","Alpha","Billing","Media",4,152,0,"success"
"PR-13878","Beta","Frontend-UI","Crítica",5.51,244,2,"rolled_back"
"PR-13879","Gamma","Core-API","Media",23.42,331,5,"rolled_back"
"PR-13880","Delta","Core-API","Crítica",1.41,10,0,"success"
"PR-13881","Gamma","Auth-Service","Media",2.27,10,0,"success"
"PR-13882","Gamma","Auth-Service","Alta",73,1202,8,"failed"
"PR-13883","Beta","Database","Media",289,3465,20,"success"
"PR-13884","Gamma","Database","Alta",5,10,0,"success"
"PR-13885","Alpha","Billing","Media",266.39,3325,18,"failed"
"PR-13886","Alpha","Billing","Baja",34,336,1,"success"
"PR-13887","Alpha","Auth-Service","Alta",44.17,827,4,"success"
"PR-13888","Delta","Billing","Alta",46.95,565,1,"failed"
"PR-13889","Beta","Billing","Baja",3,10,1,"success"
"PR-13890","Alpha","Billing","Alta",21.79,233,1,"success"
"PR-13891","Beta","Database","Baja",2,10,0,"success"
"PR-13892","Beta","Auth-Service","Crítica",2.19,10,0,"success"
"PR-13893","Beta","Frontend-UI","Media",3.79,18,0,"success"
"PR-13894","Delta","Core-API","Media",47,630,2,"failed"
"PR-13895","Gamma","Frontend-UI","Baja",6,78,0,"success"
"PR-13896","Gamma","Core-API","Media",1.35,10,0,"success"
"PR-13897","Delta","Frontend-UI","Media",50.88,572,2,"success"
"PR-13898","Alpha","Auth-Service","Media",6,374,1,"success"
"PR-13899","Delta","Frontend-UI","Crítica",6,53,0,"success"
"PR-13900","Beta","Frontend-UI","Baja",42,739,1,"success"
"PR-13901","Delta","Billing","Baja",63,552,4,"success"
"PR-13902","Alpha","Frontend-UI","Crítica",37.72,369,3,"failed"
"PR-13903","Delta","Database","Media",32.46,351,1,"success"
"PR-13904","Beta","Database","Crítica",46.49,394,0,"success"
"PR-13905","Alpha","Billing","Media",45.3,600,4,"success"
"PR-13906","Alpha","Billing","Baja",0,129,0,"success"
"PR-13907","Alpha","Database","Alta",62,822,3,"success"
"PR-13908","Gamma","Database","Baja",42,616,3,"success"
"PR-13909","Beta","Database","Media",2,21,1,"success"
"PR-13910","Delta","Database","Alta",48,752,3,"failed"
"PR-13911","Delta","Auth-Service","Media",4,10,1,"success"
"PR-13912","Delta","Database","Media",4.13,10,0,"success"
"PR-13913","Beta","Core-API","Alta",275.02,3259,9,"failed"
"PR-13914","Alpha","Core-API","Alta",4.63,44,0,"success"
"PR-13915","Gamma","Core-API","Media",62,577,1,"success"
"PR-13916","Beta","Database","Media",10.06,389,0,"success"
"PR-13917","Gamma","Core-API","Media",44.56,516,5,"failed"
"PR-13918","Delta","Core-API","Alta",3,89,0,"success"
"PR-13919","Gamma","Billing","Media",5,296,0,"success"
"PR-13920","Beta","Core-API","Media",6.32,97,1,"success"
"PR-13921","Beta","Database","Media",51.4,617,3,"success"
"PR-13922","Alpha","Database","Alta",3,10,0,"success"
"PR-13923","Gamma","Auth-Service","Alta",3,127,1,"success"
"PR-13924","Beta","Database","Baja",65.55,850,1,"success"
"PR-13925","Alpha","Frontend-UI","Media",1.5,154,1,"success"
"PR-13926","Beta","Database","Media",8.99,330,1,"success"
"PR-13927","Beta","Core-API","Media",112,1407,3,"failed"
"PR-13928","Beta","Billing","Media",3.51,10,0,"success"
"PR-13929","Delta","Auth-Service","Alta",50.25,737,5,"success"
"PR-13930","Alpha","Billing","Media",4,10,1,"success"
"PR-13931","Gamma","Billing","Media",4.06,10,1,"success"
"PR-13932","Gamma","Frontend-UI","Alta",2.54,164,0,"success"
"PR-13933","Alpha","Database","Media",2.77,326,0,"success"
"PR-13934","Beta","Core-API","Alta",11,67,0,"success"
"PR-13935","Alpha","Billing","Crítica",1.14,80,0,"success"
"PR-13936","Gamma","Database","Crítica",8.85,24,0,"success"
"PR-13937","Beta","Database","Crítica",2.71,50,0,"success"
"PR-13938","Beta","Billing","Media",173.42,2224,10,"success"
"PR-13939","Alpha","Auth-Service","Alta",6.46,149,1,"success"
"PR-13940","Delta","Database","Baja",31.61,373,2,"success"
"PR-13941","Delta","Core-API","Crítica",2,106,0,"success"
"PR-13942","Beta","Frontend-UI","Crítica",72,853,2,"failed"
"PR-13943","Alpha","Billing","Baja",5.69,46,0,"success"
"PR-13944","Beta","Auth-Service","Crítica",1.26,10,0,"success"
"PR-13945","Alpha","Core-API","Media",1,10,0,"success"
"PR-13946","Gamma","Billing","Baja",62,763,1,"success"
"PR-13947","Beta","Database","Alta",68.58,834,0,"success"
"PR-13948","Delta","Auth-Service","Media",46.66,520,2,"success"
"PR-13949","Delta","Core-API","Media",49,700,3,"success"
"PR-13950","Gamma","Core-API","Media",9,153,0,"success"
"PR-13951","Beta","Core-API","Media",121,1613,5,"failed"
"PR-13952","Beta","Database","Alta",42,715,1,"success"
"PR-13953","Alpha","Database","Media",76,1090,4,"success"
"PR-13954","Beta","Billing","Crítica",1,10,0,"success"
"PR-13955","Gamma","Billing","Crítica",28.47,313,1,"success"
"PR-13956","Alpha","Frontend-UI","Media",43,813,1,"success"
"PR-13957","Delta","Frontend-UI","Media",83,961,3,"failed"
"PR-13958","Beta","Billing","Media",4,107,0,"success"
"PR-13959","Beta","Database","Media",92,985,1,"failed"
"PR-13960","Alpha","Database","Baja",207.27,2551,7,"failed"
"PR-13961","Alpha","Core-API","Baja",3.4,321,4,"success"
"PR-13962","Gamma","Database","Alta",6,82,0,"success"
"PR-13963","Delta","Database","Baja",74,994,1,"success"
"PR-13964","Beta","Frontend-UI","Alta",59.2,758,3,"success"
"PR-13965","Beta","Database","Media",54.78,539,3,"success"
"PR-13966","Gamma","Database","Alta",6,213,1,"failed"
"PR-13967","Beta","Auth-Service","Crítica",4,157,0,"success"
"PR-13968","Beta","Auth-Service","Alta",3,270,1,"success"
"PR-13969","Gamma","Core-API","Media",5,10,0,"success"
"PR-13970","Gamma","Auth-Service","Baja",41,628,2,"success"
"PR-13971","Alpha","Frontend-UI","Media",43.83,568,2,"success"
"PR-13972","Gamma","Billing","Crítica",274.4,3199,15,"success"
"PR-13973","Gamma","Database","Alta",5.08,202,1,"success"
"PR-13974","Delta","Billing","Crítica",3.27,10,1,"success"
"PR-13975","Alpha","Core-API","Alta",71,821,4,"success"
"PR-13976","Beta","Auth-Service","Media",6.63,10,0,"success"
"PR-13977","Alpha","Core-API","Media",65.88,659,3,"success"
"PR-13978","Beta","Frontend-UI","Media",2,199,0,"success"
"PR-13979","Delta","Billing","Media",45.42,683,3,"success"
"PR-13980","Gamma","Database","Crítica",21,279,1,"success"
"PR-13981","Gamma","Frontend-UI","Crítica",40.81,486,4,"rolled_back"
"PR-13982","Beta","Database","Baja",58,704,1,"success"
"PR-13983","Delta","Core-API","Media",52.29,774,7,"rolled_back"
"PR-13984","Alpha","Core-API","Baja",11,75,2,"success"
"PR-13985","Alpha","Billing","Crítica",70,856,3,"failed"
"PR-13986","Beta","Database","Alta",5.05,227,3,"rolled_back"
"PR-13987","Alpha","Auth-Service","Media",90,1162,9,"success"
"PR-13988","Beta","Database","Media",6,268,1,"success"
"PR-13989","Delta","Billing","Media",4.7,10,0,"success"
"PR-13990","Gamma","Frontend-UI","Alta",2,218,1,"success"
"PR-13991","Beta","Database","Alta",74.76,599,2,"success"
"PR-13992","Gamma","Core-API","Media",35,357,1,"success"
"PR-13993","Delta","Database","Baja",72,680,3,"failed"
"PR-13994","Alpha","Frontend-UI","Media",1,10,0,"success"
"PR-13995","Alpha","Billing","Media",3.83,112,0,"success"
"PR-13996","Alpha","Frontend-UI","Media",34,621,3,"success"
"PR-13997","Alpha","Billing","Media",7.52,10,0,"success"
"PR-13998","Alpha","Auth-Service","Alta",41.96,580,4,"rolled_back"
"PR-13999","Alpha","Database","Baja",1,75,0,"success"
"PR-14000","Alpha","Auth-Service","Alta",50,557,2,"success"
"PR-14001","Alpha","Frontend-UI","Media",4,109,1,"success"
"PR-14002","Beta","Core-API","Media",177,2376,11,"failed"
"PR-14003","Gamma","Core-API","Media",7,131,1,"success"
"PR-14004","Alpha","Core-API","Alta",2,138,1,"success"
"PR-14005","Beta","Auth-Service","Alta",5,10,2,"success"
"PR-14006","Beta","Frontend-UI","Media",38.69,688,2,"rolled_back"
"PR-14007","Delta","Auth-Service","Crítica",4.64,200,0,"success"
"PR-14008","Gamma","Frontend-UI","Media",2.73,71,0,"success"
"PR-14009","Alpha","Frontend-UI","Alta",59.18,686,4,"success"
"PR-14010","Gamma","Auth-Service","Media",1.6,158,1,"success"
"PR-14011","Beta","Database","Baja",2.81,37,0,"success"
"PR-14012","Beta","Database","Media",44.86,592,1,"success"
"PR-14013","Beta","Frontend-UI","Media",6,179,1,"success"
"PR-14014","Delta","Billing","Alta",3.65,10,0,"success"
"PR-14015","Beta","Core-API","Crítica",3.14,165,0,"success"
"PR-14016","Beta","Database","Media",291.97,3616,21,"failed"
"PR-14017","Delta","Database","Media",57,599,4,"failed"
"PR-14018","Beta","Frontend-UI","Alta",8,117,0,"success"
"PR-14019","Gamma","Core-API","Media",67.71,1032,8,"failed"
"PR-14020","Gamma","Core-API","Media",1,186,1,"success"
"PR-14021","Beta","Core-API","Media",3,150,1,"success"
"PR-14022","Delta","Core-API","Media",3.39,99,0,"success"
"PR-14023","Beta","Frontend-UI","Crítica",1,10,0,"success"
"PR-14024","Delta","Auth-Service","Crítica",42.82,758,3,"success"
"PR-14025","Delta","Billing","Media",48,725,4,"failed"
"PR-14026","Gamma","Frontend-UI","Media",54.38,1129,3,"failed"
"PR-14027","Beta","Auth-Service","Alta",3,181,3,"failed"
"PR-14028","Alpha","Database","Media",1,10,0,"success"
"PR-14029","Beta","Database","Media",55.59,929,9,"success"
"PR-14030","Alpha","Auth-Service","Media",2.23,171,0,"success"
"PR-14031","Beta","Auth-Service","Alta",5,202,0,"success"
"PR-14032","Beta","Core-API","Media",57.19,788,2,"success"
"PR-14033","Delta","Billing","Crítica",3,10,2,"failed"
"PR-14034","Beta","Billing","Alta",34.05,219,1,"success"
"PR-14035","Alpha","Core-API","Alta",4.19,155,1,"rolled_back"
"PR-14036","Gamma","Auth-Service","Baja",49,805,3,"failed"
"PR-14037","Alpha","Frontend-UI","Alta",3.5,205,1,"success"
"PR-14038","Beta","Auth-Service","Baja",61.92,813,1,"success"
"PR-14039","Delta","Frontend-UI","Alta",2,20,0,"success"
"PR-14040","Beta","Billing","Crítica",1,10,1,"success"
"PR-14041","Gamma","Auth-Service","Crítica",3,10,0,"success"
"PR-14042","Alpha","Frontend-UI","Alta",6.59,262,0,"success"
"PR-14043","Alpha","Core-API","Baja",10.09,230,2,"failed"
"PR-14044","Alpha","Database","Media",52.95,651,3,"failed"
"PR-14045","Delta","Database","Alta",4,59,0,"success"
"PR-14046","Gamma","Auth-Service","Alta",26,276,5,"success"
"PR-14047","Beta","Database","Media",3.73,182,1,"success"
"PR-14048","Alpha","Frontend-UI","Media",57.76,646,1,"success"
"PR-14049","Beta","Billing","Alta",34.04,570,1,"failed"
"PR-14050","Alpha","Database","Alta",6.39,38,0,"success"
"PR-14051","Alpha","Billing","Alta",1,191,1,"success"
"PR-14052","Alpha","Frontend-UI","Alta",47.69,643,5,"success"
"PR-14053","Alpha","Auth-Service","Media",1.81,180,3,"rolled_back"
"PR-14054","Alpha","Auth-Service","Media",29,388,1,"success"
"PR-14055","Gamma","Database","Media",35.64,333,3,"failed"
"PR-14056","Delta","Core-API","Alta",6.29,247,0,"success"
"PR-14057","Alpha","Database","Crítica",4.4,96,0,"success"
"PR-14058","Alpha","Database","Media",2.23,10,0,"success"
"PR-14059","Alpha","Auth-Service","Media",37.73,285,3,"success"
"PR-14060","Beta","Billing","Media",7,119,0,"success"
"PR-14061","Alpha","Core-API","Media",58.64,951,7,"success"
"PR-14062","Gamma","Database","Alta",6.47,102,0,"success"
"PR-14063","Delta","Frontend-UI","Baja",31.95,568,3,"success"
"PR-14064","Beta","Core-API","Media",5.52,146,0,"success"
"PR-14065","Beta","Core-API","Media",29,499,1,"success"
"PR-14066","Gamma","Frontend-UI","Baja",3.85,35,0,"success"
"PR-14067","Delta","Billing","Baja",74,814,2,"success"
"PR-14068","Alpha","Auth-Service","Baja",304.57,3550,17,"failed"
"PR-14069","Delta","Billing","Media",53,935,3,"rolled_back"
"PR-14070","Delta","Billing","Media",6,10,0,"success"
"PR-14071","Delta","Billing","Media",23,492,9,"success"
"PR-14072","Gamma","Core-API","Media",2.47,101,1,"failed"
"PR-14073","Beta","Auth-Service","Alta",38.71,545,0,"success"
"PR-14074","Beta","Core-API","Media",64,609,3,"rolled_back"
"PR-14075","Beta","Auth-Service","Alta",1.69,87,1,"success"
"PR-14076","Delta","Billing","Media",3,314,2,"success"
"PR-14077","Beta","Core-API","Media",6,10,0,"success"
"PR-14078","Delta","Auth-Service","Crítica",45.05,497,4,"success"
"PR-14079","Beta","Billing","Media",60,1004,4,"rolled_back"
"PR-14080","Delta","Frontend-UI","Media",6.48,10,1,"success"
"PR-14081","Beta","Auth-Service","Alta",3,115,1,"success"
"PR-14082","Alpha","Billing","Media",1.18,10,0,"success"
"PR-14083","Alpha","Database","Media",0,10,0,"success"
"PR-14084","Gamma","Billing","Alta",2,108,1,"success"
"PR-14085","Gamma","Core-API","Media",11.22,176,1,"success"
"PR-14086","Delta","Billing","Baja",5,74,0,"success"
"PR-14087","Alpha","Auth-Service","Media",192.97,2412,12,"success"
"PR-14088","Beta","Database","Alta",73,862,2,"success"
"PR-14089","Alpha","Billing","Alta",29.9,377,2,"success"
"PR-14090","Beta","Auth-Service","Baja",28.36,296,1,"success"
"PR-14091","Beta","Billing","Media",63,795,0,"failed"
"PR-14092","Gamma","Billing","Media",51.67,637,2,"rolled_back"
"PR-14093","Beta","Database","Alta",55.76,784,8,"success"
"PR-14094","Delta","Auth-Service","Media",4,224,0,"success"
"PR-14095","Gamma","Auth-Service","Baja",99.37,1509,4,"failed"
"PR-14096","Alpha","Auth-Service","Crítica",4,107,1,"success"
"PR-14097","Alpha","Core-API","Media",1.53,10,0,"success"
"PR-14098","Beta","Billing","Media",24,436,2,"failed"
"PR-14099","Beta","Frontend-UI","Media",1,70,0,"success"
"PR-14100","Beta","Frontend-UI","Crítica",50,551,0,"success"
"PR-14101","Beta","Auth-Service","Media",72,983,8,"rolled_back"
"PR-14102","Alpha","Billing","Crítica",82,945,1,"success"
"PR-14103","Beta","Database","Media",4.95,200,2,"success"
"PR-14104","Beta","Core-API","Alta",44.19,505,2,"success"
"PR-14105","Delta","Frontend-UI","Media",2.03,10,0,"success"
"PR-14106","Alpha","Billing","Baja",3.89,190,1,"success"
"PR-14107","Alpha","Billing","Media",1,202,2,"success"
"PR-14108","Alpha","Billing","Alta",71,1072,3,"failed"
"PR-14109","Delta","Core-API","Baja",4,161,1,"success"
"PR-14110","Delta","Auth-Service","Media",4.85,49,0,"success"
"PR-14111","Gamma","Database","Alta",1.9,10,0,"success"
"PR-14112","Beta","Database","Alta",93,1357,8,"failed"
"PR-14113","Beta","Core-API","Alta",37,486,3,"success"
"PR-14114","Gamma","Frontend-UI","Alta",5,10,1,"failed"
"PR-14115","Alpha","Billing","Media",2,10,0,"success"
"PR-14116","Gamma","Auth-Service","Media",213.05,2562,7,"failed"
"PR-14117","Gamma","Core-API","Media",8.91,343,2,"failed"
"PR-14118","Beta","Billing","Media",76,965,4,"success"
"PR-14119","Alpha","Billing","Media",24,474,3,"success"
"PR-14120","Alpha","Database","Crítica",2.44,10,0,"success"
"PR-14121","Delta","Frontend-UI","Crítica",2,170,3,"success"
"PR-14122","Alpha","Frontend-UI","Crítica",13.03,202,0,"success"
"PR-14123","Delta","Frontend-UI","Media",5,120,0,"success"
"PR-14124","Delta","Auth-Service","Alta",31.47,400,1,"success"
"PR-14125","Alpha","Frontend-UI","Media",41.44,537,2,"failed"
"PR-14126","Gamma","Core-API","Alta",5,79,0,"rolled_back"
"PR-14127","Beta","Auth-Service","Baja",72,849,4,"failed"
"PR-14128","Delta","Database","Alta",2.76,10,0,"success"
"PR-14129","Gamma","Auth-Service","Media",83.6,1086,6,"success"
"PR-14130","Alpha","Database","Media",31.15,329,1,"success"
"PR-14131","Delta","Database","Crítica",3,268,2,"success"
"PR-14132","Alpha","Frontend-UI","Media",3.4,173,1,"success"
"PR-14133","Delta","Frontend-UI","Media",72,860,1,"success"
"PR-14134","Gamma","Billing","Baja",7.32,234,1,"success"
"PR-14135","Delta","Auth-Service","Alta",65,830,2,"rolled_back"
"PR-14136","Gamma","Core-API","Alta",72.74,872,2,"success"
"PR-14137","Alpha","Database","Media",4.59,513,5,"success"
"PR-14138","Alpha","Auth-Service","Media",1.08,10,1,"failed"
"PR-14139","Delta","Billing","Crítica",5,321,0,"success"
"PR-14140","Beta","Core-API","Media",56,709,1,"success"
"PR-14141","Beta","Database","Alta",51.4,623,4,"success"
"PR-14142","Delta","Auth-Service","Media",3,86,2,"success"
"PR-14143","Delta","Database","Baja",3.21,10,0,"success"
"PR-14144","Alpha","Auth-Service","Media",12,425,1,"rolled_back"
"PR-14145","Gamma","Frontend-UI","Baja",7.34,75,0,"success"
"PR-14146","Alpha","Frontend-UI","Media",32,503,2,"failed"
"PR-14147","Beta","Core-API","Media",3,10,0,"success"
"PR-14148","Beta","Core-API","Baja",6.74,56,0,"success"
"PR-14149","Beta","Frontend-UI","Media",0,198,1,"success"
"PR-14150","Gamma","Billing","Baja",4,10,0,"success"
"PR-14151","Gamma","Billing","Alta",40.88,380,1,"success"
"PR-14152","Delta","Database","Crítica",7.34,135,0,"rolled_back"
"PR-14153","Beta","Database","Crítica",1,10,0,"success"
"PR-14154","Alpha","Billing","Crítica",3.21,176,1,"success"
"PR-14155","Alpha","Frontend-UI","Baja",1.68,169,0,"success"
"PR-14156","Alpha","Auth-Service","Crítica",3,50,0,"success"
"PR-14157","Alpha","Frontend-UI","Media",56.35,703,4,"rolled_back"
"PR-14158","Gamma","Auth-Service","Baja",45.48,727,3,"failed"
"PR-14159","Delta","Core-API","Alta",27.03,231,0,"success"
"PR-14160","Delta","Database","Media",5.52,113,0,"success"
"PR-14161","Alpha","Billing","Alta",2,346,2,"success"
"PR-14162","Gamma","Database","Crítica",44,505,1,"failed"
"PR-14163","Gamma","Auth-Service","Alta",7.72,324,1,"success"
"PR-14164","Delta","Core-API","Media",0.65,10,0,"success"
"PR-14165","Alpha","Database","Baja",55,705,4,"success"
"PR-14166","Beta","Database","Crítica",42.2,430,0,"success"
"PR-14167","Gamma","Database","Baja",34.05,445,6,"rolled_back"
"PR-14168","Gamma","Billing","Crítica",61.15,774,3,"failed"
"PR-14169","Alpha","Auth-Service","Crítica",2,10,0,"success"
"PR-14170","Delta","Auth-Service","Media",97.42,1015,8,"failed"
"PR-14171","Gamma","Billing","Media",51,618,0,"success"
"PR-14172","Alpha","Billing","Alta",2,304,1,"success"
"PR-14173","Alpha","Core-API","Baja",44.27,449,0,"success"
"PR-14174","Beta","Database","Media",2.33,10,0,"success"
"PR-14175","Beta","Auth-Service","Baja",6,10,0,"success"
"PR-14176","Gamma","Frontend-UI","Alta",1.04,10,0,"success"
"PR-14177","Delta","Auth-Service","Crítica",12.65,281,0,"success"
"PR-14178","Gamma","Database","Crítica",2.84,106,1,"success"
"PR-14179","Gamma","Database","Alta",4,172,2,"success"
"PR-14180","Delta","Frontend-UI","Media",4.17,10,0,"success"
"PR-14181","Delta","Database","Media",72,1054,2,"failed"
"PR-14182","Alpha","Billing","Crítica",0.93,44,0,"success"
"PR-14183","Gamma","Frontend-UI","Alta",2.57,10,1,"success"
"PR-14184","Gamma","Core-API","Media",10,47,0,"success"
"PR-14185","Beta","Auth-Service","Alta",60,657,2,"failed"
"PR-14186","Delta","Billing","Alta",0.71,327,2,"success"
"PR-14187","Beta","Auth-Service","Crítica",69.29,1053,4,"failed"
"PR-14188","Delta","Database","Baja",2,50,0,"success"
"PR-14189","Delta","Billing","Media",6,185,1,"failed"
"PR-14190","Gamma","Auth-Service","Media",3.19,10,0,"success"
"PR-14191","Alpha","Frontend-UI","Media",13.98,181,0,"success"
"PR-14192","Gamma","Auth-Service","Media",2.12,10,0,"success"
"PR-14193","Beta","Billing","Media",2.48,20,0,"success"
"PR-14194","Delta","Auth-Service","Media",7,129,1,"success"
"PR-14195","Delta","Frontend-UI","Baja",46.55,605,3,"success"
"PR-14196","Alpha","Database","Media",9.91,195,0,"success"
"PR-14197","Beta","Auth-Service","Media",5.45,94,1,"success"
"PR-14198","Alpha","Auth-Service","Alta",52,531,2,"success"
"PR-14199","Beta","Database","Crítica",3.43,10,0,"success"
"PR-14200","Delta","Frontend-UI","Baja",68.64,731,2,"success"
"PR-14201","Beta","Auth-Service","Media",2.78,10,0,"success"
"PR-14202","Gamma","Auth-Service","Media",56,764,7,"failed"
"PR-14203","Delta","Database","Media",5,426,0,"success"
"PR-14204","Beta","Frontend-UI","Media",7,10,1,"success"
"PR-14205","Beta","Core-API","Baja",16,309,1,"success"
"PR-14206","Alpha","Database","Alta",5.38,124,1,"success"
"PR-14207","Gamma","Auth-Service","Media",0.51,105,0,"success"
"PR-14208","Gamma","Core-API","Baja",57,669,1,"failed"
"PR-14209","Alpha","Core-API","Baja",3,142,1,"success"
"PR-14210","Beta","Auth-Service","Baja",5.6,247,0,"failed"
"PR-14211","Alpha","Auth-Service","Media",27.29,372,1,"success"
"PR-14212","Alpha","Frontend-UI","Alta",2,173,1,"success"
"PR-14213","Gamma","Core-API","Media",8,20,0,"success"
"PR-14214","Beta","Auth-Service","Media",61,761,3,"success"
"PR-14215","Gamma","Database","Alta",8,141,1,"success"
"PR-14216","Delta","Auth-Service","Media",4,133,0,"success"
"PR-14217","Gamma","Billing","Baja",48,553,1,"success"
"PR-14218","Delta","Core-API","Baja",12.94,173,1,"success"
"PR-14219","Alpha","Auth-Service","Alta",5,10,0,"success"
"PR-14220","Alpha","Database","Alta",7,187,0,"rolled_back"
"PR-14221","Alpha","Frontend-UI","Media",3,10,0,"success"
"PR-14222","Gamma","Frontend-UI","Alta",72,854,5,"rolled_back"
"PR-14223","Beta","Core-API","Alta",2,11,0,"success"
"PR-14224","Alpha","Core-API","Media",1.28,238,2,"success"
"PR-14225","Alpha","Auth-Service","Media",3,69,0,"success"
"PR-14226","Delta","Core-API","Media",4.83,214,1,"success"
"PR-14227","Gamma","Billing","Media",7,49,0,"success"
"PR-14228","Gamma","Billing","Alta",47,499,5,"success"
"PR-14229","Alpha","Core-API","Baja",2.25,132,0,"success"
"PR-14230","Gamma","Billing","Alta",13,51,0,"success"
"PR-14231","Beta","Frontend-UI","Media",41.24,669,4,"failed"
"PR-14232","Gamma","Billing","Media",0,162,2,"success"
"PR-14233","Delta","Billing","Media",3,10,0,"failed"
"PR-14234","Beta","Database","Media",34,490,1,"success"
"PR-14235","Gamma","Auth-Service","Crítica",2.36,10,0,"success"
"PR-14236","Beta","Auth-Service","Baja",3,114,1,"success"
"PR-14237","Alpha","Core-API","Media",4.43,214,0,"success"
"PR-14238","Alpha","Core-API","Crítica",30,428,5,"failed"
"PR-14239","Delta","Auth-Service","Baja",3.75,114,0,"success"
"PR-14240","Gamma","Auth-Service","Media",69,953,6,"failed"
"PR-14241","Gamma","Auth-Service","Baja",36,488,1,"success"
"PR-14242","Alpha","Database","Media",55.69,656,4,"success"
"PR-14243","Beta","Billing","Media",2.36,112,0,"success"
"PR-14244","Alpha","Auth-Service","Media",3.52,31,0,"success"
"PR-14245","Beta","Auth-Service","Baja",4,54,0,"success"
"PR-14246","Alpha","Core-API","Media",41.56,845,5,"success"
"PR-14247","Delta","Database","Media",49,515,4,"success"
"PR-14248","Gamma","Database","Media",8,10,0,"success"
"PR-14249","Gamma","Auth-Service","Alta",7.52,247,0,"success"
"PR-14250","Delta","Billing","Media",4.48,307,1,"failed"
"PR-14251","Gamma","Auth-Service","Alta",3,176,0,"success"
"PR-14252","Beta","Auth-Service","Media",41.67,529,1,"success"
"PR-14253","Beta","Core-API","Media",41,629,2,"success"
"PR-14254","Gamma","Auth-Service","Alta",34.9,520,4,"success"
"PR-14255","Gamma","Auth-Service","Baja",3,20,0,"success"
"PR-14256","Beta","Database","Alta",54,715,4,"success"
"PR-14257","Alpha","Core-API","Media",49.2,575,3,"success"
"PR-14258","Beta","Billing","Alta",3.25,177,0,"success"
"PR-14259","Beta","Billing","Media",56,709,3,"failed"
"PR-14260","Gamma","Frontend-UI","Crítica",38.63,364,0,"success"
"PR-14261","Delta","Frontend-UI","Alta",38.79,571,1,"rolled_back"
"PR-14262","Beta","Auth-Service","Alta",5,10,0,"success"
"PR-14263","Delta","Database","Alta",33,577,2,"success"
"PR-14264","Alpha","Billing","Media",8.99,218,1,"success"
"PR-14265","Gamma","Frontend-UI","Media",8.03,159,1,"success"
"PR-14266","Alpha","Auth-Service","Baja",2.05,88,1,"success"
"PR-14267","Alpha","Auth-Service","Alta",2.86,10,1,"success"
"PR-14268","Gamma","Frontend-UI","Media",49.94,740,2,"success"
"PR-14269","Alpha","Core-API","Crítica",5,39,0,"success"
"PR-14270","Beta","Core-API","Alta",27,169,1,"success"
"PR-14271","Alpha","Core-API","Alta",38,546,2,"success"
"PR-14272","Alpha","Database","Media",4,10,0,"success"
"PR-14273","Gamma","Frontend-UI","Crítica",5.7,96,0,"failed"
"PR-14274","Beta","Frontend-UI","Media",8,227,0,"success"
"PR-14275","Delta","Frontend-UI","Alta",10.45,156,0,"success"
"PR-14276","Beta","Database","Alta",41,512,2,"rolled_back"
"PR-14277","Gamma","Billing","Alta",1,10,1,"success"
"PR-14278","Gamma","Frontend-UI","Media",1,257,0,"success"
"PR-14279","Alpha","Auth-Service","Media",64,829,6,"rolled_back"
"PR-14280","Beta","Database","Crítica",47,840,3,"success"
"PR-14281","Gamma","Frontend-UI","Baja",72,1021,5,"failed"
"PR-14282","Beta","Core-API","Crítica",1,10,0,"success"
"PR-14283","Alpha","Core-API","Media",40.98,297,0,"success"
"PR-14284","Gamma","Database","Media",100.47,1050,7,"failed"
"PR-14285","Delta","Core-API","Crítica",6.76,246,2,"success"
"PR-14286","Beta","Billing","Baja",43.52,630,5,"rolled_back"
"PR-14287","Alpha","Core-API","Media",1.61,130,0,"success"
"PR-14288","Gamma","Core-API","Media",2,97,0,"success"
"PR-14289","Delta","Database","Media",31,422,0,"success"
"PR-14290","Gamma","Auth-Service","Media",37.2,504,2,"success"
"PR-14291","Gamma","Database","Crítica",59.06,695,4,"failed"
"PR-14292","Alpha","Billing","Alta",76.36,1107,7,"success"
"PR-14293","Beta","Core-API","Alta",1.87,348,0,"success"
"PR-14294","Delta","Auth-Service","Media",10,112,0,"success"
"PR-14295","Alpha","Database","Baja",5.72,281,1,"success"
"PR-14296","Gamma","Auth-Service","Media",2,10,0,"success"
"PR-14297","Gamma","Auth-Service","Crítica",44.05,594,1,"success"
"PR-14298","Gamma","Billing","Media",1.19,285,1,"success"
"PR-14299","Gamma","Billing","Media",59,897,5,"success"
"PR-14300","Beta","Frontend-UI","Media",88,1135,4,"failed"
"PR-14301","Gamma","Billing","Crítica",62.96,883,1,"rolled_back"
"PR-14302","Alpha","Auth-Service","Baja",66,696,4,"success"
"PR-14303","Beta","Database","Media",2,10,0,"success"
"PR-14304","Gamma","Frontend-UI","Alta",36,548,4,"rolled_back"
"PR-14305","Alpha","Core-API","Crítica",8,327,0,"success"
"PR-14306","Gamma","Auth-Service","Media",0.36,10,0,"success"
"PR-14307","Beta","Core-API","Media",4.06,207,1,"success"
"PR-14308","Gamma","Auth-Service","Alta",30,300,3,"success"
"PR-14309","Gamma","Frontend-UI","Baja",13.3,70,0,"success"
"PR-14310","Gamma","Frontend-UI","Crítica",7,321,2,"success"
"PR-14311","Beta","Core-API","Media",55.71,731,1,"success"
"PR-14312","Alpha","Database","Media",8.37,290,0,"success"
"PR-14313","Beta","Auth-Service","Alta",4,218,2,"success"
"PR-14314","Delta","Core-API","Media",46,665,2,"success"
"PR-14315","Gamma","Frontend-UI","Baja",72,950,6,"success"
"PR-14316","Delta","Database","Baja",0.73,10,0,"success"
"PR-14317","Delta","Database","Baja",31.54,345,0,"success"
"PR-14318","Delta","Database","Media",4,10,0,"success"
"PR-14319","Beta","Core-API","Media",49,979,5,"success"
"PR-14320","Gamma","Database","Media",57.65,821,0,"success"
"PR-14321","Beta","Billing","Alta",2.66,184,0,"success"
"PR-14322","Gamma","Auth-Service","Media",43,488,3,"success"
"PR-14323","Alpha","Database","Media",8,181,2,"success"
"PR-14324","Alpha","Core-API","Alta",46,767,4,"failed"
"PR-14325","Beta","Database","Baja",205,2657,11,"success"
"PR-14326","Alpha","Auth-Service","Crítica",2.21,10,1,"success"
"PR-14327","Alpha","Frontend-UI","Media",190.95,2241,6,"failed"
"PR-14328","Delta","Core-API","Alta",46,695,4,"failed"
"PR-14329","Gamma","Auth-Service","Media",35,545,2,"success"
"PR-14330","Alpha","Frontend-UI","Media",2.02,159,1,"success"
"PR-14331","Gamma","Core-API","Media",2,98,0,"success"
"PR-14332","Beta","Frontend-UI","Crítica",4.66,111,0,"success"
"PR-14333","Beta","Billing","Crítica",11,210,0,"success"
"PR-14334","Delta","Billing","Alta",5.21,10,2,"success"
"PR-14335","Gamma","Frontend-UI","Baja",24,432,2,"failed"
"PR-14336","Alpha","Auth-Service","Media",42.92,538,3,"success"
"PR-14337","Alpha","Database","Media",36.67,334,0,"success"
"PR-14338","Gamma","Frontend-UI","Baja",1.17,48,0,"success"
"PR-14339","Gamma","Billing","Alta",2,206,1,"success"
"PR-14340","Gamma","Database","Alta",4.03,58,0,"success"
"PR-14341","Gamma","Core-API","Media",3,127,0,"success"
"PR-14342","Gamma","Frontend-UI","Media",4.46,43,0,"success"
"PR-14343","Delta","Core-API","Media",3.62,35,0,"success"
"PR-14344","Gamma","Core-API","Media",4,188,0,"success"
"PR-14345","Gamma","Database","Media",1,10,0,"success"
"PR-14346","Beta","Core-API","Crítica",47,588,1,"failed"
"PR-14347","Delta","Frontend-UI","Alta",42.86,562,2,"success"
"PR-14348","Gamma","Core-API","Alta",67,712,4,"success"
"PR-14349","Alpha","Core-API","Media",90.24,1290,5,"success"
"PR-14350","Delta","Auth-Service","Media",72,848,5,"failed"
"PR-14351","Delta","Core-API","Media",107,1286,3,"success"
"PR-14352","Gamma","Database","Baja",48,615,3,"success"
"PR-14353","Alpha","Database","Baja",51,814,1,"success"
"PR-14354","Gamma","Auth-Service","Media",24,365,5,"failed"
"PR-14355","Gamma","Frontend-UI","Media",62.74,958,1,"success"
"PR-14356","Gamma","Database","Baja",48,686,2,"success"
"PR-14357","Delta","Auth-Service","Alta",40,580,3,"success"
"PR-14358","Gamma","Billing","Alta",5,63,1,"success"
"PR-14359","Delta","Database","Crítica",42.12,558,4,"success"
"PR-14360","Beta","Frontend-UI","Alta",208,2459,15,"failed"
"PR-14361","Beta","Core-API","Alta",4.02,10,0,"success"
"PR-14362","Gamma","Auth-Service","Media",1,65,0,"success"
"PR-14363","Alpha","Auth-Service","Baja",88.05,968,7,"rolled_back"
"PR-14364","Gamma","Auth-Service","Media",23.92,176,0,"success"
"PR-14365","Gamma","Billing","Baja",60,563,1,"success"
"PR-14366","Alpha","Database","Media",0.81,109,1,"success"
"PR-14367","Alpha","Auth-Service","Baja",18,313,2,"success"
"PR-14368","Gamma","Frontend-UI","Baja",28,487,3,"success"
"PR-14369","Beta","Frontend-UI","Media",14.68,134,0,"success"
"PR-14370","Beta","Billing","Alta",31,434,3,"failed"
"PR-14371","Delta","Auth-Service","Alta",266,3186,9,"failed"
"PR-14372","Delta","Billing","Crítica",5.39,354,1,"success"
"PR-14373","Alpha","Database","Baja",1.31,140,0,"failed"
"PR-14374","Beta","Billing","Baja",39,455,2,"success"
"PR-14375","Alpha","Frontend-UI","Crítica",5,180,0,"success"
"PR-14376","Gamma","Frontend-UI","Alta",0.63,91,0,"success"
"PR-14377","Beta","Core-API","Media",77,885,2,"success"
"PR-14378","Beta","Database","Alta",42.49,524,5,"success"
"PR-14379","Delta","Frontend-UI","Media",5.23,29,0,"success"
"PR-14380","Gamma","Frontend-UI","Baja",57,861,2,"success"
"PR-14381","Gamma","Billing","Crítica",27.14,378,1,"success"
"PR-14382","Delta","Frontend-UI","Alta",1,262,0,"success"
"PR-14383","Beta","Frontend-UI","Crítica",2.77,68,0,"success"
"PR-14384","Gamma","Database","Media",3.1,55,0,"success"
"PR-14385","Gamma","Billing","Media",2.03,162,1,"success"
"PR-14386","Beta","Frontend-UI","Media",5,10,1,"success"
"PR-14387","Beta","Billing","Media",10.53,23,0,"success"
"PR-14388","Alpha","Auth-Service","Media",95.88,1066,2,"success"
"PR-14389","Gamma","Core-API","Media",3.62,281,1,"success"
"PR-14390","Beta","Database","Baja",6.26,10,0,"success"
"PR-14391","Alpha","Core-API","Baja",1,66,0,"success"
"PR-14392","Beta","Billing","Alta",115.22,1566,11,"success"
"PR-14393","Beta","Frontend-UI","Media",75.78,927,4,"rolled_back"
"PR-14394","Delta","Core-API","Alta",5.95,145,0,"success"
"PR-14395","Beta","Core-API","Baja",48,562,2,"failed"
"PR-14396","Beta","Auth-Service","Media",3.74,248,1,"success"
"PR-14397","Beta","Billing","Media",4.23,10,0,"success"
"PR-14398","Gamma","Auth-Service","Media",38.32,537,1,"success"
"PR-14399","Alpha","Frontend-UI","Baja",208.95,2482,5,"success"
"PR-14400","Alpha","Database","Alta",2.33,79,0,"success"
"PR-14401","Beta","Database","Media",43.38,552,1,"success"
"PR-14402","Beta","Auth-Service","Media",2.57,280,2,"failed"
"PR-14403","Gamma","Core-API","Media",31,438,1,"failed"
"PR-14404","Gamma","Auth-Service","Media",8,10,0,"success"
"PR-14405","Beta","Billing","Media",72,871,7,"success"
"PR-14406","Alpha","Core-API","Media",63,834,7,"failed"
"PR-14407","Gamma","Frontend-UI","Alta",24,308,2,"success"
"PR-14408","Alpha","Auth-Service","Media",0.57,36,0,"success"
"PR-14409","Delta","Auth-Service","Media",38,270,2,"success"
"PR-14410","Delta","Frontend-UI","Alta",72,903,2,"failed"
"PR-14411","Beta","Billing","Media",1.82,222,2,"success"
"PR-14412","Beta","Core-API","Baja",31.92,479,3,"success"
"PR-14413","Delta","Frontend-UI","Alta",1.09,10,1,"failed"
"PR-14414","Delta","Frontend-UI","Crítica",65.19,1019,6,"failed"
"PR-14415","Delta","Database","Media",5.96,184,0,"success"
"PR-14416","Alpha","Core-API","Media",28.59,298,0,"success"
"PR-14417","Alpha","Auth-Service","Media",3,245,0,"success"
"PR-14418","Alpha","Core-API","Baja",6,104,1,"success"
"PR-14419","Alpha","Frontend-UI","Media",4,10,1,"success"
"PR-14420","Alpha","Core-API","Alta",7,165,3,"success"
"PR-14421","Gamma","Frontend-UI","Baja",93.26,1158,4,"failed"
"PR-14422","Alpha","Billing","Crítica",1.2,136,2,"failed"
"PR-14423","Alpha","Billing","Baja",2,10,0,"success"
"PR-14424","Beta","Billing","Crítica",50.29,753,3,"failed"
"PR-14425","Delta","Frontend-UI","Crítica",26.1,337,1,"success"
"PR-14426","Alpha","Database","Media",24,270,0,"failed"
"PR-14427","Beta","Frontend-UI","Media",3.1,224,2,"failed"
"PR-14428","Alpha","Core-API","Media",47.2,632,4,"failed"
"PR-14429","Beta","Core-API","Media",48,705,3,"success"
"PR-14430","Delta","Core-API","Media",4.91,59,0,"success"
"PR-14431","Delta","Database","Alta",22,58,0,"success"
"PR-14432","Gamma","Auth-Service","Media",5,279,0,"success"
"PR-14433","Alpha","Auth-Service","Media",78.71,1104,4,"success"
"PR-14434","Gamma","Billing","Media",67.51,967,3,"failed"
"PR-14435","Beta","Billing","Media",3.25,237,1,"success"
"PR-14436","Beta","Billing","Baja",157,2062,12,"rolled_back"
"PR-14437","Alpha","Auth-Service","Alta",53,639,3,"success"
"PR-14438","Alpha","Auth-Service","Media",0.88,228,2,"rolled_back"
"PR-14439","Beta","Frontend-UI","Baja",22.65,266,1,"success"
"PR-14440","Gamma","Auth-Service","Media",4,27,0,"success"
"PR-14441","Alpha","Database","Media",29.81,576,3,"success"
"PR-14442","Gamma","Database","Alta",2.74,10,0,"failed"
"PR-14443","Gamma","Frontend-UI","Media",5,304,1,"success"
"PR-14444","Alpha","Billing","Media",65,856,4,"failed"
"PR-14445","Beta","Database","Baja",52,729,4,"success"
"PR-14446","Delta","Billing","Baja",36,461,4,"success"
"PR-14447","Alpha","Frontend-UI","Media",1.82,21,0,"success"
"PR-14448","Gamma","Frontend-UI","Alta",4.09,17,0,"success"
"PR-14449","Beta","Core-API","Crítica",2.17,10,0,"success"
"PR-14450","Delta","Auth-Service","Media",10.43,37,0,"success"
"PR-14451","Delta","Core-API","Alta",53.02,777,3,"failed"
"PR-14452","Beta","Core-API","Alta",6.66,34,0,"failed"
"PR-14453","Gamma","Frontend-UI","Crítica",46,599,1,"success"
"PR-14454","Delta","Frontend-UI","Media",3.84,74,1,"success"
"PR-14455","Gamma","Database","Media",6,84,0,"success"
"PR-14456","Delta","Auth-Service","Baja",48.71,552,1,"success"
"PR-14457","Gamma","Auth-Service","Baja",71,634,1,"success"
"PR-14458","Gamma","Billing","Crítica",8.15,10,0,"success"
"PR-14459","Beta","Database","Media",2,69,0,"success"
"PR-14460","Beta","Frontend-UI","Media",265.36,3115,14,"success"
"PR-14461","Gamma","Billing","Baja",40,472,2,"success"
"PR-14462","Alpha","Auth-Service","Media",59,699,2,"success"
"PR-14463","Alpha","Auth-Service","Baja",3.57,111,0,"success"
"PR-14464","Gamma","Database","Media",54,716,1,"success"
"PR-14465","Alpha","Billing","Baja",6.51,191,1,"success"
"PR-14466","Beta","Core-API","Media",5,49,0,"success"
"PR-14467","Alpha","Auth-Service","Baja",38,635,0,"success"
"PR-14468","Gamma","Core-API","Baja",2.09,10,0,"success"
"PR-14469","Alpha","Auth-Service","Crítica",11.46,203,0,"success"
"PR-14470","Beta","Frontend-UI","Media",48,756,3,"success"
"PR-14471","Alpha","Billing","Media",6,289,0,"success"
"PR-14472","Delta","Billing","Media",0,43,0,"success"
"PR-14473","Gamma","Frontend-UI","Media",3,17,2,"success"
"PR-14474","Delta","Billing","Media",119,1563,0,"success"
"PR-14475","Delta","Auth-Service","Media",4,112,0,"success"
"PR-14476","Delta","Billing","Alta",4,57,0,"success"
"PR-14477","Gamma","Billing","Baja",242,3048,13,"success"
"PR-14478","Alpha","Database","Alta",47.51,589,2,"success"
"PR-14479","Alpha","Billing","Media",47.33,568,1,"success"
"PR-14480","Alpha","Database","Baja",2.08,242,1,"success"
"PR-14481","Delta","Database","Media",0,10,0,"success"
"PR-14482","Gamma","Core-API","Baja",1.24,123,1,"success"
"PR-14483","Beta","Database","Alta",53.97,520,2,"success"
"PR-14484","Delta","Core-API","Crítica",44.89,583,2,"failed"
"PR-14485","Beta","Auth-Service","Crítica",2.02,153,0,"success"
"PR-14486","Alpha","Core-API","Media",50.61,731,3,"success"
"PR-14487","Alpha","Auth-Service","Baja",59.37,808,5,"failed"
"PR-14488","Gamma","Frontend-UI","Media",4,249,3,"success"
"PR-14489","Beta","Core-API","Baja",48,695,3,"success"
"PR-14490","Beta","Billing","Media",1.49,33,0,"success"
"PR-14491","Alpha","Billing","Alta",111.42,1465,7,"failed"
"PR-14492","Alpha","Billing","Alta",0.34,10,0,"success"
"PR-14493","Gamma","Database","Baja",3.13,302,1,"success"
"PR-14494","Beta","Core-API","Baja",2.29,130,0,"success"
"PR-14495","Gamma","Database","Alta",4.43,206,2,"success"
"PR-14496","Gamma","Database","Baja",3.9,74,0,"success"
"PR-14497","Gamma","Database","Crítica",2.92,70,0,"success"
"PR-14498","Alpha","Billing","Baja",4,10,0,"success"
"PR-14499","Gamma","Billing","Media",72,807,4,"failed"
"PR-14500","Alpha","Database","Baja",41,617,0,"success"
"PR-14501","Gamma","Database","Media",0.25,120,0,"success"
"PR-14502","Gamma","Database","Alta",23,486,1,"success"
"PR-14503","Beta","Core-API","Baja",44.51,672,1,"success"
"PR-14504","Beta","Frontend-UI","Baja",199,2289,8,"failed"
"PR-14505","Alpha","Frontend-UI","Baja",3.81,10,1,"success"
"PR-14506","Alpha","Billing","Media",12,32,0,"success"
"PR-14507","Delta","Billing","Media",5,133,0,"success"
"PR-14508","Alpha","Database","Media",5,136,0,"success"
"PR-14509","Alpha","Frontend-UI","Baja",72,941,4,"success"
"PR-14510","Alpha","Billing","Baja",4.06,349,2,"failed"
"PR-14511","Alpha","Frontend-UI","Media",63.95,876,5,"success"
"PR-14512","Beta","Auth-Service","Crítica",6,285,1,"success"
"PR-14513","Beta","Auth-Service","Baja",60.95,643,1,"success"
"PR-14514","Alpha","Database","Crítica",6.35,10,0,"success"
"PR-14515","Delta","Core-API","Crítica",4.06,205,0,"success"
"PR-14516","Beta","Frontend-UI","Alta",0.3,13,1,"rolled_back"
"PR-14517","Gamma","Billing","Media",65,925,3,"failed"
"PR-14518","Beta","Database","Media",2.7,10,0,"success"
"PR-14519","Beta","Billing","Crítica",5,53,0,"success"
"PR-14520","Gamma","Database","Baja",3,200,1,"success"
"PR-14521","Beta","Billing","Baja",5,10,0,"success"
"PR-14522","Gamma","Billing","Baja",6,81,0,"success"
"PR-14523","Delta","Core-API","Crítica",41.89,509,0,"success"
"PR-14524","Alpha","Auth-Service","Media",173.23,2145,7,"rolled_back"
"PR-14525","Delta","Database","Media",39,319,0,"success"
"PR-14526","Delta","Auth-Service","Crítica",31,289,0,"success"
"PR-14527","Alpha","Frontend-UI","Media",39,436,0,"success"
"PR-14528","Delta","Auth-Service","Alta",2.33,202,2,"failed"
"PR-14529","Alpha","Core-API","Crítica",5.22,10,0,"success"
"PR-14530","Alpha","Core-API","Media",26.52,198,0,"failed"
"PR-14531","Delta","Billing","Alta",48,250,0,"success"
"PR-14532","Beta","Auth-Service","Crítica",62,771,4,"success"
"PR-14533","Delta","Billing","Crítica",2.98,144,1,"success"
"PR-14534","Alpha","Core-API","Alta",33.73,664,1,"success"
"PR-14535","Delta","Core-API","Alta",5,79,0,"success"
"PR-14536","Beta","Billing","Media",27.35,349,3,"failed"
"PR-14537","Alpha","Auth-Service","Alta",0,151,2,"rolled_back"
"PR-14538","Alpha","Frontend-UI","Media",3,139,1,"success"
"PR-14539","Beta","Database","Baja",4.86,160,2,"success"
"PR-14540","Beta","Frontend-UI","Crítica",238.27,2926,10,"success"
"PR-14541","Gamma","Billing","Baja",262.56,3315,9,"failed"
"PR-14542","Gamma","Billing","Media",5,153,0,"success"
"PR-14543","Alpha","Core-API","Media",50.22,420,0,"success"
"PR-14544","Delta","Database","Media",2,81,0,"success"
"PR-14545","Alpha","Frontend-UI","Media",10,164,0,"success"
"PR-14546","Gamma","Billing","Media",8.11,175,1,"success"
"PR-14547","Alpha","Core-API","Alta",2.38,173,2,"success"
"PR-14548","Gamma","Billing","Media",3.7,98,1,"success"
"PR-14549","Beta","Core-API","Media",74.04,919,2,"success"
"PR-14550","Alpha","Frontend-UI","Baja",3.08,107,0,"success"
"PR-14551","Alpha","Database","Crítica",40,377,1,"failed"
"PR-14552","Gamma","Database","Crítica",289,3480,17,"rolled_back"
"PR-14553","Beta","Core-API","Media",4.14,535,2,"success"
"PR-14554","Delta","Billing","Crítica",49,576,1,"success"
"PR-14555","Beta","Auth-Service","Alta",24,337,2,"success"
"PR-14556","Gamma","Auth-Service","Alta",3,36,0,"success"
"PR-14557","Gamma","Core-API","Alta",1.85,10,0,"success"
"PR-14558","Gamma","Frontend-UI","Crítica",1,10,0,"success"
"PR-14559","Gamma","Frontend-UI","Baja",72,1023,3,"failed"
"PR-14560","Beta","Core-API","Media",6.13,222,3,"success"
"PR-14561","Beta","Billing","Media",76,847,1,"success"
"PR-14562","Gamma","Billing","Crítica",3.26,22,1,"success"
"PR-14563","Delta","Billing","Media",3,73,0,"success"
"PR-14564","Beta","Database","Media",114,1249,4,"success"
"PR-14565","Alpha","Auth-Service","Alta",72,1078,4,"success"
"PR-14566","Delta","Frontend-UI","Media",7.66,10,0,"success"
"PR-14567","Gamma","Billing","Alta",4.44,227,2,"success"
"PR-14568","Beta","Database","Crítica",33,448,0,"success"
"PR-14569","Delta","Billing","Crítica",4,30,0,"success"
"PR-14570","Alpha","Auth-Service","Baja",30,240,3,"success"
"PR-14571","Delta","Billing","Alta",87.58,1104,3,"rolled_back"
"PR-14572","Gamma","Frontend-UI","Alta",212.02,2426,11,"rolled_back"
"PR-14573","Delta","Frontend-UI","Media",4.2,85,0,"success"
"PR-14574","Alpha","Auth-Service","Alta",39,530,3,"success"
"PR-14575","Delta","Database","Media",37.61,428,4,"success"
"PR-14576","Gamma","Auth-Service","Alta",70.73,802,3,"failed"
"PR-14577","Gamma","Auth-Service","Alta",1.75,299,2,"success"
"PR-14578","Delta","Database","Media",3.31,258,2,"success"
"PR-14579","Delta","Frontend-UI","Media",78.96,1136,7,"failed"
"PR-14580","Gamma","Core-API","Media",28,524,3,"success"
"PR-14581","Delta","Billing","Media",65.55,709,3,"failed"
"PR-14582","Beta","Frontend-UI","Media",3,10,0,"success"
"PR-14583","Gamma","Billing","Alta",31.01,279,4,"success"
"PR-14584","Delta","Frontend-UI","Alta",4,72,0,"success"
"PR-14585","Delta","Core-API","Media",0.84,131,1,"success"
"PR-14586","Alpha","Frontend-UI","Alta",2,147,0,"success"
"PR-14587","Alpha","Database","Baja",6.54,330,1,"success"
"PR-14588","Delta","Billing","Baja",3.24,10,0,"success"
"PR-14589","Alpha","Auth-Service","Media",45.16,556,5,"failed"
"PR-14590","Delta","Core-API","Media",38.48,441,2,"success"
"PR-14591","Delta","Auth-Service","Crítica",5,143,0,"success"
"PR-14592","Delta","Database","Baja",4,52,1,"success"
"PR-14593","Beta","Database","Crítica",7.78,317,2,"success"
"PR-14594","Beta","Database","Media",2,220,2,"success"
"PR-14595","Alpha","Billing","Alta",0.97,65,0,"success"
"PR-14596","Gamma","Database","Baja",101,1378,5,"success"
"PR-14597","Alpha","Core-API","Alta",5,93,1,"success"
"PR-14598","Delta","Auth-Service","Media",1,28,0,"success"
"PR-14599","Beta","Database","Media",2,139,0,"success"
"PR-14600","Beta","Core-API","Media",44.28,793,4,"success"
"PR-14601","Alpha","Auth-Service","Alta",99.61,1346,3,"success"
"PR-14602","Beta","Core-API","Crítica",2,10,1,"success"
"PR-14603","Alpha","Frontend-UI","Media",53,683,3,"success"
"PR-14604","Gamma","Auth-Service","Media",2.9,65,1,"success"
"PR-14605","Delta","Billing","Baja",80,776,2,"success"
"PR-14606","Delta","Core-API","Media",1,122,0,"success"
"PR-14607","Delta","Auth-Service","Baja",5.48,78,0,"success"
"PR-14608","Delta","Database","Crítica",5,17,0,"success"
"PR-14609","Alpha","Core-API","Media",9.13,10,0,"success"
"PR-14610","Alpha","Database","Alta",67.36,717,3,"success"
"PR-14611","Beta","Database","Media",2,10,0,"success"
"PR-14612","Alpha","Database","Alta",5,109,3,"success"
"PR-14613","Beta","Billing","Media",4.9,10,0,"success"
"PR-14614","Delta","Database","Crítica",6,82,0,"failed"
"PR-14615","Beta","Database","Alta",61,735,2,"rolled_back"
"PR-14616","Gamma","Database","Alta",63,799,3,"success"
"PR-14617","Gamma","Frontend-UI","Media",34.73,366,1,"success"
"PR-14618","Beta","Core-API","Alta",4.86,121,0,"success"
"PR-14619","Gamma","Frontend-UI","Media",53,702,6,"failed"
"PR-14620","Delta","Core-API","Media",225.3,2735,13,"failed"
"PR-14621","Alpha","Frontend-UI","Alta",86,1002,8,"success"
"PR-14622","Beta","Frontend-UI","Baja",6.66,10,0,"success"
"PR-14623","Gamma","Core-API","Media",99,1464,10,"success"
"PR-14624","Gamma","Database","Alta",7,46,0,"success"
"PR-14625","Beta","Core-API","Alta",45,445,0,"success"
"PR-14626","Delta","Auth-Service","Crítica",5,92,0,"success"
"PR-14627","Beta","Auth-Service","Crítica",2,10,0,"success"
"PR-14628","Alpha","Auth-Service","Media",4,258,0,"success"
"PR-14629","Delta","Core-API","Media",1,39,0,"success"
"PR-14630","Alpha","Database","Alta",10,150,0,"success"
"PR-14631","Beta","Billing","Baja",38,778,6,"failed"
"PR-14632","Gamma","Database","Baja",3,77,1,"success"
"PR-14633","Gamma","Database","Media",67.38,1029,3,"success"
"PR-14634","Gamma","Database","Media",4,259,1,"success"
"PR-14635","Gamma","Auth-Service","Media",1,18,0,"success"
"PR-14636","Gamma","Frontend-UI","Media",59.53,853,4,"rolled_back"
"PR-14637","Alpha","Frontend-UI","Media",207,2537,11,"failed"
"PR-14638","Beta","Database","Crítica",4.08,147,1,"success"
"PR-14639","Beta","Core-API","Baja",3,10,0,"failed"
"PR-14640","Delta","Database","Alta",6.27,10,0,"success"
"PR-14641","Delta","Billing","Media",9.31,138,0,"success"
"PR-14642","Gamma","Core-API","Media",5,10,0,"success"
"PR-14643","Gamma","Core-API","Baja",28,471,4,"success"
"PR-14644","Beta","Billing","Media",72,719,2,"failed"
"PR-14645","Alpha","Frontend-UI","Media",1.7,131,1,"success"
"PR-14646","Gamma","Core-API","Media",40,492,3,"success"
"PR-14647","Alpha","Auth-Service","Media",5,166,0,"success"
"PR-14648","Delta","Auth-Service","Baja",55.86,733,5,"rolled_back"
"PR-14649","Delta","Billing","Alta",2.93,212,0,"success"
"PR-14650","Beta","Frontend-UI","Media",4,206,1,"success"
"PR-14651","Alpha","Frontend-UI","Media",34,503,3,"rolled_back"
"PR-14652","Alpha","Auth-Service","Media",18,293,1,"rolled_back"
"PR-14653","Alpha","Core-API","Alta",2,10,0,"success"
"PR-14654","Alpha","Auth-Service","Baja",1.88,121,1,"success"
"PR-14655","Alpha","Billing","Crítica",8,83,1,"failed"
"PR-14656","Gamma","Auth-Service","Media",1.82,27,0,"success"
"PR-14657","Gamma","Database","Alta",49,699,4,"success"
"PR-14658","Beta","Frontend-UI","Media",1,81,0,"success"
"PR-14659","Gamma","Database","Alta",4,181,2,"success"
"PR-14660","Gamma","Auth-Service","Crítica",9,119,1,"success"
"PR-14661","Beta","Auth-Service","Alta",43.15,632,3,"success"
"PR-14662","Gamma","Auth-Service","Baja",5.66,53,0,"rolled_back"
"PR-14663","Beta","Database","Baja",40,660,3,"failed"
"PR-14664","Gamma","Billing","Crítica",61,737,3,"failed"
"PR-14665","Alpha","Billing","Media",131.4,1721,2,"failed"
"PR-14666","Beta","Frontend-UI","Media",38.76,531,3,"success"
"PR-14667","Gamma","Database","Crítica",39,449,4,"rolled_back"
"PR-14668","Delta","Frontend-UI","Media",70,788,7,"rolled_back"
"PR-14669","Alpha","Auth-Service","Baja",34,323,0,"success"
"PR-14670","Gamma","Core-API","Alta",4.55,247,1,"failed"
"PR-14671","Beta","Frontend-UI","Media",68,902,0,"failed"
"PR-14672","Alpha","Database","Media",37.18,470,3,"success"
"PR-14673","Alpha","Auth-Service","Media",2,63,0,"success"
"PR-14674","Delta","Billing","Alta",4.33,299,5,"success"
"PR-14675","Alpha","Frontend-UI","Media",4,170,0,"success"
"PR-14676","Alpha","Database","Media",27,444,1,"failed"
"PR-14677","Alpha","Auth-Service","Media",0.44,12,0,"success"
"PR-14678","Delta","Frontend-UI","Baja",229.27,2581,8,"failed"
"PR-14679","Gamma","Frontend-UI","Baja",1,10,0,"success"
"PR-14680","Alpha","Billing","Media",51.53,676,1,"success"
"PR-14681","Alpha","Billing","Media",29,516,4,"failed"
"PR-14682","Alpha","Database","Baja",31,315,0,"rolled_back"
"PR-14683","Gamma","Billing","Media",83.83,1087,5,"rolled_back"
"PR-14684","Delta","Frontend-UI","Baja",66.81,800,5,"success"
"PR-14685","Delta","Database","Media",2,22,0,"success"
"PR-14686","Beta","Core-API","Baja",3,30,1,"success"
"PR-14687","Delta","Frontend-UI","Alta",1.07,69,1,"success"
"PR-14688","Gamma","Billing","Alta",72,957,3,"failed"
"PR-14689","Alpha","Database","Media",41.51,583,1,"success"
"PR-14690","Beta","Core-API","Baja",2.83,10,0,"success"
"PR-14691","Alpha","Database","Media",0.73,154,0,"success"
"PR-14692","Delta","Billing","Media",3.35,155,0,"failed"
"PR-14693","Alpha","Billing","Media",29.03,349,3,"success"
"PR-14694","Delta","Frontend-UI","Media",38.04,542,2,"success"
"PR-14695","Delta","Billing","Media",85,1127,3,"success"
"PR-14696","Gamma","Auth-Service","Alta",233,2851,8,"success"
"PR-14697","Alpha","Core-API","Alta",5,208,3,"failed"
"PR-14698","Beta","Billing","Media",3.24,179,0,"success"
"PR-14699","Alpha","Core-API","Media",5,250,1,"success"
"PR-14700","Delta","Core-API","Media",32.05,463,3,"success"
"PR-14701","Delta","Frontend-UI","Media",198,2221,7,"success"
"PR-14702","Beta","Database","Media",95,1221,2,"rolled_back"
"PR-14703","Beta","Billing","Crítica",214,2511,8,"success"
"PR-14704","Delta","Billing","Alta",168.14,2152,11,"success"
"PR-14705","Alpha","Database","Alta",3.41,58,0,"success"
"PR-14706","Beta","Auth-Service","Baja",5.15,89,0,"success"
"PR-14707","Beta","Database","Media",6.15,10,1,"failed"
"PR-14708","Delta","Frontend-UI","Media",39,414,2,"success"
"PR-14709","Gamma","Auth-Service","Alta",90.32,1225,4,"success"
"PR-14710","Alpha","Billing","Alta",3.22,57,1,"success"
"PR-14711","Beta","Auth-Service","Crítica",5.55,153,0,"rolled_back"
"PR-14712","Alpha","Database","Media",39,574,6,"failed"
"PR-14713","Alpha","Billing","Alta",5.93,10,0,"success"
"PR-14714","Delta","Database","Media",35.59,604,2,"success"
"PR-14715","Beta","Database","Baja",44,585,1,"success"
"PR-14716","Beta","Billing","Media",2.53,117,2,"success"
"PR-14717","Alpha","Frontend-UI","Alta",25,316,3,"success"
"PR-14718","Beta","Auth-Service","Alta",5.16,26,0,"success"
"PR-14719","Alpha","Billing","Media",6,135,0,"success"
"PR-14720","Gamma","Billing","Baja",4.24,50,0,"success"
"PR-14721","Alpha","Frontend-UI","Baja",2,35,0,"success"
"PR-14722","Beta","Frontend-UI","Media",72,790,6,"rolled_back"
"PR-14723","Gamma","Frontend-UI","Media",6,304,1,"success"
"PR-14724","Alpha","Frontend-UI","Media",9.08,373,4,"success"
"PR-14725","Gamma","Core-API","Crítica",26,610,3,"success"
"PR-14726","Alpha","Auth-Service","Alta",3,35,0,"success"
"PR-14727","Beta","Billing","Crítica",55.71,551,3,"success"
"PR-14728","Beta","Frontend-UI","Alta",56,695,5,"failed"
"PR-14729","Beta","Billing","Crítica",2.91,311,0,"success"
"PR-14730","Alpha","Frontend-UI","Media",47.94,365,0,"success"
"PR-14731","Delta","Auth-Service","Alta",43,569,2,"success"
"PR-14732","Beta","Frontend-UI","Crítica",57,697,7,"failed"
"PR-14733","Beta","Database","Media",4.32,120,0,"success"
"PR-14734","Alpha","Billing","Media",6,16,0,"success"
"PR-14735","Gamma","Database","Media",1.29,17,1,"success"
"PR-14736","Gamma","Database","Baja",145,1842,8,"success"
"PR-14737","Delta","Billing","Alta",8.24,10,0,"success"
"PR-14738","Alpha","Core-API","Media",22,235,1,"success"
"PR-14739","Alpha","Auth-Service","Baja",44,698,4,"failed"
"PR-14740","Delta","Frontend-UI","Crítica",52,773,2,"success"
"PR-14741","Alpha","Frontend-UI","Alta",55,665,5,"success"
"PR-14742","Beta","Billing","Alta",3.3,77,0,"failed"
"PR-14743","Beta","Auth-Service","Baja",1,60,0,"success"
"PR-14744","Beta","Core-API","Crítica",1.59,64,0,"success"
"PR-14745","Alpha","Auth-Service","Alta",5,205,2,"success"
"PR-14746","Beta","Core-API","Baja",6,10,0,"success"
"PR-14747","Delta","Core-API","Alta",5.34,301,0,"success"
"PR-14748","Delta","Core-API","Media",1.95,384,1,"success"
"PR-14749","Gamma","Auth-Service","Media",29,201,1,"success"
"PR-14750","Alpha","Billing","Baja",71,753,4,"failed"
"PR-14751","Beta","Core-API","Media",32.75,395,2,"success"
"PR-14752","Gamma","Database","Media",4,161,2,"success"
"PR-14753","Delta","Core-API","Media",302,3701,15,"success"
"PR-14754","Beta","Billing","Media",4.11,55,0,"success"
"PR-14755","Beta","Auth-Service","Media",40,683,1,"success"
"PR-14756","Alpha","Database","Alta",4,120,0,"success"
"PR-14757","Beta","Database","Baja",6.45,237,1,"success"
"PR-14758","Beta","Auth-Service","Alta",3.01,166,0,"success"
"PR-14759","Beta","Billing","Media",39,553,1,"success"
"PR-14760","Beta","Auth-Service","Media",29.68,393,1,"success"
"PR-14761","Delta","Auth-Service","Media",3.25,10,2,"success"
"PR-14762","Alpha","Auth-Service","Media",48,600,4,"success"
"PR-14763","Gamma","Auth-Service","Media",57,737,6,"success"
"PR-14764","Beta","Core-API","Media",1,131,0,"success"
"PR-14765","Beta","Billing","Media",1,96,1,"success"
"PR-14766","Delta","Frontend-UI","Media",3.49,10,0,"success"
"PR-14767","Delta","Frontend-UI","Media",6,170,1,"success"
"PR-14768","Alpha","Auth-Service","Alta",24,439,1,"success"
"PR-14769","Alpha","Core-API","Baja",40.27,392,2,"success"
"PR-14770","Gamma","Billing","Media",88,1206,10,"failed"
"PR-14771","Alpha","Core-API","Media",29.65,121,0,"success"
"PR-14772","Gamma","Core-API","Crítica",32,409,1,"success"
"PR-14773","Beta","Billing","Baja",4,130,0,"success"
"PR-14774","Alpha","Billing","Alta",49,601,4,"success"
"PR-14775","Alpha","Database","Alta",73.05,1048,4,"success"
"PR-14776","Gamma","Database","Media",39,355,1,"success"
"PR-14777","Gamma","Auth-Service","Crítica",65,876,0,"success"
"PR-14778","Delta","Database","Media",311,3754,13,"failed"
"PR-14779","Beta","Core-API","Media",45.93,397,1,"success"
"PR-14780","Alpha","Database","Baja",1,10,0,"success"
"PR-14781","Gamma","Auth-Service","Media",3,53,0,"success"
"PR-14782","Alpha","Core-API","Crítica",3,232,1,"failed"
"PR-14783","Alpha","Auth-Service","Alta",4.29,155,1,"success"
"PR-14784","Delta","Core-API","Media",6.17,107,1,"success"
"PR-14785","Delta","Frontend-UI","Media",1.83,10,0,"success"
"PR-14786","Alpha","Core-API","Media",123,1661,5,"failed"
"PR-14787","Alpha","Billing","Alta",39.81,590,4,"success"
"PR-14788","Beta","Auth-Service","Crítica",55.59,740,2,"success"
"PR-14789","Delta","Billing","Media",1.09,427,1,"success"
"PR-14790","Delta","Auth-Service","Media",81,1039,2,"failed"
"PR-14791","Gamma","Billing","Media",56.43,871,5,"rolled_back"
"PR-14792","Beta","Auth-Service","Alta",2,45,0,"success"
"PR-14793","Gamma","Database","Media",43.7,501,0,"success"
"PR-14794","Gamma","Auth-Service","Media",42,702,7,"success"
"PR-14795","Alpha","Database","Crítica",1,10,1,"success"
"PR-14796","Alpha","Core-API","Crítica",5,162,1,"failed"
"PR-14797","Beta","Core-API","Media",286,3312,16,"success"
"PR-14798","Delta","Auth-Service","Alta",45,575,4,"rolled_back"
"PR-14799","Delta","Billing","Media",2.85,93,0,"success"
"PR-14800","Gamma","Core-API","Alta",7,75,0,"success"
"PR-14801","Gamma","Database","Baja",9,97,0,"success"
"PR-14802","Gamma","Auth-Service","Alta",75.77,873,1,"success"
"PR-14803","Alpha","Database","Media",49.98,873,4,"success"
"PR-14804","Gamma","Database","Media",5.74,10,2,"failed"
"PR-14805","Beta","Billing","Crítica",28,507,0,"success"
"PR-14806","Beta","Billing","Crítica",3.21,169,0,"success"
"PR-14807","Beta","Core-API","Baja",28.84,465,2,"success"
"PR-14808","Beta","Frontend-UI","Media",69,975,3,"success"
"PR-14809","Beta","Core-API","Baja",41.31,573,1,"failed"
"PR-14810","Beta","Core-API","Media",76,1241,9,"rolled_back"
"PR-14811","Alpha","Core-API","Baja",52,570,1,"rolled_back"
"PR-14812","Beta","Core-API","Media",33,594,2,"success"
"PR-14813","Alpha","Frontend-UI","Alta",58.13,839,1,"failed"
"PR-14814","Delta","Frontend-UI","Alta",41.05,642,3,"success"
"PR-14815","Delta","Auth-Service","Alta",46,459,2,"success"
"PR-14816","Beta","Core-API","Baja",36,439,1,"success"
"PR-14817","Alpha","Billing","Alta",76,737,3,"success"
"PR-14818","Beta","Database","Media",2,120,0,"success"
"PR-14819","Beta","Billing","Media",48,657,0,"success"
"PR-14820","Beta","Core-API","Media",75.95,887,5,"failed"
"PR-14821","Gamma","Billing","Baja",60.13,712,4,"success"
"PR-14822","Gamma","Auth-Service","Baja",40.27,459,1,"success"
"PR-14823","Delta","Core-API","Crítica",7,187,1,"success"
"PR-14824","Gamma","Database","Baja",3.06,10,0,"success"
"PR-14825","Alpha","Auth-Service","Media",8,10,0,"success"
"PR-14826","Delta","Auth-Service","Baja",10,250,0,"success"
"PR-14827","Gamma","Auth-Service","Baja",1.41,113,0,"failed"
"PR-14828","Beta","Core-API","Media",10.57,481,2,"success"
"PR-14829","Delta","Billing","Media",52,735,5,"failed"
"PR-14830","Delta","Database","Baja",2,10,0,"success"
"PR-14831","Beta","Billing","Media",7.82,13,1,"success"
"PR-14832","Alpha","Database","Alta",41,584,1,"success"
"PR-14833","Alpha","Billing","Alta",256.19,3228,7,"success"
"PR-14834","Gamma","Auth-Service","Baja",101.24,1284,6,"failed"
"PR-14835","Beta","Auth-Service","Baja",60,850,4,"success"
"PR-14836","Alpha","Core-API","Alta",74,862,2,"success"
"PR-14837","Delta","Database","Media",36.53,608,0,"success"
"PR-14838","Beta","Database","Media",15,193,0,"success"
"PR-14839","Gamma","Core-API","Media",225.29,2682,4,"failed"
"PR-14840","Gamma","Frontend-UI","Crítica",8.51,93,1,"success"
"PR-14841","Beta","Core-API","Media",1.68,137,3,"success"
"PR-14842","Gamma","Auth-Service","Baja",2.53,157,1,"success"
"PR-14843","Beta","Frontend-UI","Media",62.27,899,4,"rolled_back"
"PR-14844","Gamma","Core-API","Media",6.87,149,1,"failed"
"PR-14845","Delta","Auth-Service","Baja",41,700,6,"success"
"PR-14846","Delta","Database","Alta",24,134,1,"success"
"PR-14847","Delta","Core-API","Baja",2.85,154,1,"success"
"PR-14848","Gamma","Auth-Service","Crítica",36.71,584,5,"success"
"PR-14849","Gamma","Billing","Media",4.75,39,0,"success"
"PR-14850","Gamma","Auth-Service","Alta",26.99,404,2,"success"
"PR-14851","Beta","Database","Media",2.57,55,0,"success"
"PR-14852","Gamma","Frontend-UI","Crítica",6,75,1,"success"
"PR-14853","Delta","Database","Media",6,83,1,"success"
"PR-14854","Delta","Frontend-UI","Baja",6,199,1,"success"
"PR-14855","Alpha","Billing","Alta",5,88,0,"success"
"PR-14856","Delta","Billing","Alta",6,126,0,"success"
"PR-14857","Beta","Frontend-UI","Baja",5.99,10,0,"failed"
"PR-14858","Gamma","Auth-Service","Baja",38.9,581,2,"success"
"PR-14859","Alpha","Auth-Service","Alta",3,10,1,"success"
"PR-14860","Gamma","Billing","Media",3.01,95,2,"success"
"PR-14861","Gamma","Auth-Service","Baja",4.56,10,0,"success"
"PR-14862","Alpha","Frontend-UI","Crítica",5.53,53,0,"failed"
"PR-14863","Delta","Database","Media",6,103,1,"success"
"PR-14864","Beta","Billing","Baja",44,470,1,"success"
"PR-14865","Alpha","Auth-Service","Alta",5,10,0,"success"
"PR-14866","Alpha","Frontend-UI","Baja",4.1,212,1,"success"
"PR-14867","Beta","Auth-Service","Media",87,1107,8,"failed"
"PR-14868","Gamma","Auth-Service","Alta",5.02,85,1,"failed"
"PR-14869","Beta","Frontend-UI","Media",9,10,0,"success"
"PR-14870","Alpha","Frontend-UI","Media",4.62,108,0,"success"
"PR-14871","Gamma","Core-API","Baja",5,10,0,"success"
"PR-14872","Gamma","Billing","Media",6,138,0,"success"
"PR-14873","Alpha","Frontend-UI","Media",54,671,3,"success"
"PR-14874","Alpha","Billing","Media",34,501,0,"success"
"PR-14875","Gamma","Core-API","Media",4.74,10,0,"success"
"PR-14876","Gamma","Database","Media",7,250,1,"success"
"PR-14877","Beta","Billing","Alta",2,148,1,"success"
"PR-14878","Beta","Database","Crítica",92,1191,7,"failed"
"PR-14879","Gamma","Frontend-UI","Alta",3,304,2,"success"
"PR-14880","Beta","Billing","Media",84,707,4,"rolled_back"
"PR-14881","Gamma","Core-API","Alta",3,10,1,"success"
"PR-14882","Delta","Billing","Media",23.14,180,1,"success"
"PR-14883","Gamma","Billing","Alta",42.59,506,2,"success"
"PR-14884","Alpha","Auth-Service","Media",49,525,0,"success"
"PR-14885","Beta","Billing","Baja",65,714,0,"success"
"PR-14886","Beta","Core-API","Alta",3.44,10,0,"success"
"PR-14887","Beta","Billing","Alta",3,43,0,"success"
"PR-14888","Delta","Auth-Service","Crítica",8.94,354,1,"success"
"PR-14889","Alpha","Frontend-UI","Media",5,107,0,"success"
"PR-14890","Gamma","Core-API","Media",94.45,1208,1,"success"
"PR-14891","Beta","Billing","Crítica",1.86,174,0,"success"
"PR-14892","Alpha","Auth-Service","Alta",5,143,0,"success"
"PR-14893","Beta","Billing","Media",0.99,65,0,"success"
"PR-14894","Alpha","Billing","Media",73.48,832,6,"failed"
"PR-14895","Alpha","Database","Baja",38.65,387,4,"failed"
"PR-14896","Alpha","Core-API","Baja",8.22,261,1,"success"
"PR-14897","Beta","Auth-Service","Alta",32.76,585,6,"failed"
"PR-14898","Delta","Auth-Service","Media",6,75,0,"success"
"PR-14899","Delta","Billing","Media",4.79,10,0,"success"
"PR-14900","Beta","Database","Alta",1,10,0,"success"
"PR-14901","Beta","Database","Baja",24,456,0,"success"
"PR-14902","Delta","Billing","Alta",51.6,898,3,"success"
"PR-14903","Delta","Billing","Alta",6.07,10,1,"success"
"PR-14904","Alpha","Auth-Service","Media",1,311,0,"success"
"PR-14905","Delta","Core-API","Alta",42,648,2,"success"
"PR-14906","Delta","Billing","Baja",4,177,2,"success"
"PR-14907","Beta","Auth-Service","Media",46,442,1,"success"
"PR-14908","Alpha","Core-API","Media",1.03,86,3,"success"
"PR-14909","Delta","Billing","Media",9,10,0,"failed"
"PR-14910","Alpha","Database","Baja",5.39,94,0,"failed"
"PR-14911","Gamma","Frontend-UI","Media",65,655,1,"success"
"PR-14912","Beta","Billing","Media",9.31,66,0,"success"
"PR-14913","Alpha","Core-API","Media",15.31,253,2,"failed"
"PR-14914","Beta","Database","Crítica",2.02,65,0,"success"
"PR-14915","Beta","Database","Alta",3.77,35,1,"success"
"PR-14916","Beta","Database","Crítica",9,10,1,"success"
"PR-14917","Delta","Billing","Alta",35.89,427,2,"failed"
"PR-14918","Gamma","Database","Alta",3,10,0,"success"
"PR-14919","Delta","Frontend-UI","Crítica",7,244,1,"failed"
"PR-14920","Alpha","Billing","Alta",2.49,10,0,"success"
"PR-14921","Gamma","Core-API","Media",1.41,83,0,"success"
"PR-14922","Beta","Billing","Media",71,831,6,"rolled_back"
"PR-14923","Alpha","Auth-Service","Media",3,10,0,"success"
"PR-14924","Gamma","Billing","Media",7.28,219,0,"success"
"PR-14925","Gamma","Frontend-UI","Media",3.48,124,0,"success"
"PR-14926","Gamma","Billing","Crítica",3.2,194,1,"success"
"PR-14927","Delta","Frontend-UI","Alta",2.53,10,0,"success"
"PR-14928","Alpha","Core-API","Media",9,244,0,"success"
"PR-14929","Delta","Frontend-UI","Media",1.36,10,1,"failed"
"PR-14930","Beta","Database","Crítica",3.89,184,0,"success"
"PR-14931","Beta","Database","Media",4.71,295,1,"success"
"PR-14932","Beta","Database","Media",61.39,877,3,"success"
"PR-14933","Alpha","Frontend-UI","Crítica",60.96,761,7,"failed"
"PR-14934","Alpha","Core-API","Crítica",31.59,506,1,"success"
"PR-14935","Gamma","Auth-Service","Baja",1.28,102,0,"success"
"PR-14936","Alpha","Billing","Alta",3.27,263,1,"success"
"PR-14937","Gamma","Database","Media",53,721,2,"success"
"PR-14938","Alpha","Auth-Service","Baja",4,313,0,"success"
"PR-14939","Gamma","Core-API","Media",48,594,4,"rolled_back"
"PR-14940","Alpha","Frontend-UI","Media",2,213,2,"success"
"PR-14941","Alpha","Auth-Service","Baja",2.69,98,0,"success"
"PR-14942","Gamma","Database","Crítica",3,157,1,"success"
"PR-14943","Alpha","Auth-Service","Media",40.32,682,1,"success"
"PR-14944","Alpha","Auth-Service","Alta",4.06,241,0,"success"
"PR-14945","Delta","Frontend-UI","Media",74,693,1,"success"
"PR-14946","Alpha","Core-API","Alta",153,1962,5,"success"
"PR-14947","Gamma","Core-API","Alta",2,238,1,"success"
"PR-14948","Beta","Billing","Media",48,657,3,"failed"
"PR-14949","Alpha","Core-API","Crítica",3,21,0,"success"
"PR-14950","Gamma","Frontend-UI","Media",42.39,454,2,"success"
"PR-14951","Beta","Billing","Alta",54,753,1,"success"
"PR-14952","Alpha","Core-API","Baja",6,10,0,"success"
"PR-14953","Beta","Core-API","Crítica",15,124,1,"success"
"PR-14954","Alpha","Core-API","Alta",3.07,10,0,"success"
"PR-14955","Alpha","Database","Alta",51,679,4,"failed"
"PR-14956","Delta","Frontend-UI","Alta",6,86,0,"success"
"PR-14957","Delta","Auth-Service","Alta",1,55,0,"success"
"PR-14958","Alpha","Auth-Service","Crítica",25,223,1,"success"
"PR-14959","Gamma","Database","Baja",3,211,1,"success"
"PR-14960","Delta","Database","Crítica",31.56,185,1,"success"
"PR-14961","Delta","Database","Media",3.58,65,0,"success"
"PR-14962","Alpha","Auth-Service","Baja",155,1867,3,"failed"
"PR-14963","Gamma","Frontend-UI","Media",1.24,99,0,"success"
"PR-14964","Beta","Database","Media",6,10,0,"success"
"PR-14965","Alpha","Frontend-UI","Baja",241,2959,10,"failed"
"PR-14966","Alpha","Auth-Service","Media",24,600,0,"success"
"PR-14967","Gamma","Database","Alta",2,10,0,"success"
"PR-14968","Beta","Frontend-UI","Media",4.81,118,1,"success"
"PR-14969","Alpha","Core-API","Baja",30,321,1,"failed"
"PR-14970","Alpha","Database","Crítica",31,525,2,"failed"
"PR-14971","Alpha","Core-API","Media",48,489,5,"failed"
"PR-14972","Gamma","Core-API","Media",11.98,141,0,"success"
"PR-14973","Delta","Core-API","Baja",4.02,10,0,"success"
"PR-14974","Beta","Auth-Service","Baja",0.51,10,1,"success"
"PR-14975","Alpha","Database","Media",67.87,1017,5,"failed"
"PR-14976","Beta","Billing","Media",46,709,1,"success"
"PR-14977","Alpha","Core-API","Alta",48.3,574,1,"failed"
"PR-14978","Beta","Database","Media",6,14,0,"success"
"PR-14979","Beta","Frontend-UI","Crítica",48,616,2,"success"
"PR-14980","Beta","Core-API","Media",5,127,0,"success"
"PR-14981","Beta","Auth-Service","Baja",43,402,0,"rolled_back"
"PR-14982","Alpha","Core-API","Alta",4,11,0,"success"
"PR-14983","Beta","Auth-Service","Media",6,113,0,"success"
"PR-14984","Beta","Frontend-UI","Baja",3,279,2,"success"
"PR-14985","Beta","Frontend-UI","Alta",4,104,0,"success"
"PR-14986","Alpha","Billing","Baja",1,326,4,"rolled_back"
"PR-14987","Alpha","Billing","Media",4.84,268,1,"rolled_back"
"PR-14988","Delta","Database","Alta",3,145,1,"success"
"PR-14989","Delta","Frontend-UI","Alta",44,493,1,"success"
"PR-14990","Gamma","Core-API","Media",40,507,1,"success"
"PR-14991","Beta","Core-API","Media",1.69,112,1,"success"
"PR-14992","Alpha","Frontend-UI","Alta",1,182,1,"success"
"PR-14993","Delta","Billing","Media",6.55,10,0,"success"
"PR-14994","Gamma","Core-API","Baja",74.63,925,4,"failed"
"PR-14995","Delta","Database","Media",53.09,656,0,"success"
"PR-14996","Gamma","Frontend-UI","Media",4,56,0,"success"
"PR-14997","Gamma","Auth-Service","Alta",2,120,0,"success"
"PR-14998","Gamma","Database","Media",23.99,318,4,"success"
"PR-14999","Gamma","Auth-Service","Alta",46,581,3,"failed"
"PR-15000","Gamma","Auth-Service","Media",5,134,1,"success"
